101,2025,161,1320,58,-37.71,-39.24,-37.97
101,2025,161,1320,59,-37.77,-39.24,-37.97
101,2025,161,1321,0,-37.74,-39.24,-37.97
101,2025,161,1321,1,-37.71,-39.24,-37.97
101,2025,161,1321,2,-37.74,-39.24,-37.97
101,2025,161,1321,3,-37.74,-39.25,-37.97
101,2025,161,1321,4,-37.71,-39.24,-37.97
101,2025,161,1321,5,-37.71,-39.25,-37.97
101,2025,161,1321,6,-37.71,-39.26,-37.97
101,2025,161,1321,7,-37.71,-39.25,-37.97
101,2025,161,1321,8,-37.68,-39.25,-37.97
101,2025,161,1321,9,-37.71,-39.25,-37.97
101,2025,161,1321,10,-37.71,-39.25,-37.97
101,2025,161,1321,11,-37.71,-39.25,-37.97
101,2025,161,1321,12,-37.71,-39.25,-37.97
101,2025,161,1321,13,-37.74,-39.25,-37.97
101,2025,161,1321,14,-37.74,-39.25,-37.97
101,2025,161,1321,15,-37.73,-39.25,-37.97
101,2025,161,1321,16,-37.74,-39.25,-37.97
101,2025,161,1321,17,-37.77,-39.25,-37.97
101,2025,161,1321,18,-37.74,-39.25,-37.97
101,2025,161,1321,19,-37.74,-39.25,-37.97
101,2025,161,1321,20,-37.77,-39.25,-37.97
101,2025,161,1321,21,-37.77,-39.25,-37.97
101,2025,161,1321,22,-37.77,-39.25,-37.97
101,2025,161,1321,23,-37.77,-39.25,-37.97
101,2025,161,1321,24,-37.77,-39.25,-37.97
101,2025,161,1321,25,-37.77,-39.25,-37.97
101,2025,161,1321,26,-37.77,-39.25,-37.97
101,2025,161,1321,27,-37.77,-39.25,-37.97
101,2025,161,1321,28,-37.77,-39.25,-37.97
101,2025,161,1321,29,-37.77,-39.25,-37.97
101,2025,161,1321,30,-37.77,-39.25,-37.97
101,2025,161,1321,31,-37.77,-39.25,-37.97
101,2025,161,1321,32,-37.77,-39.25,-37.97
101,2025,161,1321,33,-37.77,-39.25,-37.97
101,2025,161,1321,34,-37.77,-39.25,-37.97
101,2025,161,1321,35,-37.77,-39.25,-37.97
101,2025,161,1321,36,-37.77,-39.25,-37.97
101,2025,161,1321,37,-37.77,-39.25,-37.97
101,2025,161,1321,38,-37.77,-39.25,-37.97
101,2025,161,1321,39,-37.77,-39.25,-37.97
101,2025,161,1321,40,-37.79,-39.25,-37.97
101,2025,161,1321,41,-37.77,-39.26,-37.97
101,2025,161,1321,42,-37.77,-39.26,-37.97
101,2025,161,1321,43,-37.77,-39.26,-37.97
101,2025,161,1321,44,-37.77,-39.26,-37.97
101,2025,161,1321,45,-37.77,-39.26,-37.97
101,2025,161,1321,46,-37.77,-39.26,-37.97
101,2025,161,1321,47,-37.77,-39.26,-37.97
101,2025,161,1321,48,-37.77,-39.26,-37.97
101,2025,161,1321,49,-37.8,-39.26,-37.97
101,2025,161,1321,50,-37.8,-39.26,-37.97
101,2025,161,1321,51,-37.77,-39.26,-37.97
101,2025,161,1321,52,-37.77,-39.26,-37.97
101,2025,161,1321,53,-37.77,-39.26,-37.97
101,2025,161,1321,54,-37.77,-39.26,-37.97
101,2025,161,1321,55,-37.77,-39.26,-37.97
101,2025,161,1321,56,-37.77,-39.26,-37.97
101,2025,161,1321,57,-37.8,-39.26,-37.97
101,2025,161,1321,58,-37.8,-39.26,-37.97
101,2025,161,1321,59,-37.8,-39.26,-37.97
101,2025,161,1322,0,-37.8,-39.26,-37.97
101,2025,161,1322,1,-37.8,-39.26,-37.97
101,2025,161,1322,2,-37.8,-39.26,-37.97
101,2025,161,1322,3,-37.8,-39.26,-37.97
101,2025,161,1322,4,-37.82,-39.26,-37.97
101,2025,161,1322,5,-37.8,-39.26,-37.97
101,2025,161,1322,6,-37.8,-39.26,-37.97
101,2025,161,1322,7,-37.8,-39.26,-37.97
101,2025,161,1322,8,-37.8,-39.13,-37.97
101,2025,161,1322,9,-37.8,-39.14,-37.97
101,2025,161,1322,10,-37.8,-39.14,-37.97
101,2025,161,1322,11,-37.8,-39.14,-37.97
101,2025,161,1322,12,-37.8,-39.14,-37.97
101,2025,161,1322,13,-37.8,-39.13,-37.97
101,2025,161,1322,14,-37.8,-39.27,-37.97
101,2025,161,1322,15,-37.8,-39.14,-37.97
101,2025,161,1322,16,-37.8,-39.14,-37.97
101,2025,161,1322,17,-37.8,-39.27,-37.97
101,2025,161,1322,18,-37.8,-39.14,-37.97
101,2025,161,1322,19,-37.8,-39.14,-37.97
101,2025,161,1322,20,-37.8,-39.27,-37.97
101,2025,161,1322,21,-37.8,-39.27,-37.97
101,2025,161,1322,22,-37.8,-39.14,-37.97
101,2025,161,1322,23,-37.8,-39.27,-37.97
101,2025,161,1322,24,-37.77,-39.14,-37.97
101,2025,161,1322,25,-37.8,-39.14,-37.97
101,2025,161,1322,26,-37.8,-39.01,-37.97
101,2025,161,1322,27,-37.8,-39.01,-37.97
101,2025,161,1322,28,-37.8,-39.01,-37.97
101,2025,161,1322,29,-37.8,-39.01,-37.97
101,2025,161,1322,30,-37.8,-39.01,-37.97
101,2025,161,1322,31,-37.8,-39.01,-37.97
101,2025,161,1322,32,-37.8,-39.01,-37.97
101,2025,161,1322,33,-37.8,-39.01,-37.97
101,2025,161,1322,34,-37.8,-39.01,-37.97
101,2025,161,1322,35,-37.8,-39.01,-37.97
101,2025,161,1322,36,-37.8,-39.01,-37.97
101,2025,161,1322,37,-37.8,-39.01,-37.97
101,2025,161,1322,38,-37.8,-39.01,-37.97
101,2025,161,1322,39,-37.8,-39.01,-37.97
101,2025,161,1322,40,-37.8,-39.01,-37.97
101,2025,161,1322,41,-37.82,-39.01,-37.97
101,2025,161,1322,42,-37.8,-39.01,-37.97
101,2025,161,1322,43,-37.82,-39.01,-37.97
101,2025,161,1322,44,-37.8,-39.01,-37.97
101,2025,161,1322,45,-37.82,-39.01,-37.97
101,2025,161,1322,46,-37.8,-39.01,-37.97
101,2025,161,1322,47,-37.8,-39.01,-37.97
101,2025,161,1322,48,-37.8,-39.01,-37.97
101,2025,161,1322,49,-37.8,-39.01,-37.97
101,2025,161,1322,50,-37.82,-39.01,-37.97
101,2025,161,1322,51,-37.8,-39.01,-37.97
101,2025,161,1322,52,-37.8,-39.01,-37.97
101,2025,161,1322,53,-37.77,-39.02,-37.97
101,2025,161,1322,54,-37.65,-38.77,-37.73
101,2025,161,1322,55,-37.62,-38.55,-37.73
101,2025,161,1322,56,-37.53,-38.31,-37.73
101,2025,161,1322,57,-37.41,-38.07,-37.5
101,2025,161,1322,58,-37.35,-37.84,-37.24
101,2025,161,1322,59,-37.23,-37.36,-37.13
101,2025,161,1323,0,-37.12,-37.14,-37.03
101,2025,161,1323,1,-37.02,-36.64,-36.78
101,2025,161,1323,2,-36.94,-36.42,-36.66
101,2025,161,1323,3,-36.79,-35.93,-36.55
101,2025,161,1323,4,-36.7,-35.71,-36.31
101,2025,161,1323,5,-36.58,-35.21,-36.07
101,2025,161,1323,6,-36.49,-34.73,-35.95
101,2025,161,1323,7,-36.37,-34.25,-35.84
101,2025,161,1323,8,-36.23,-33.77,-35.6
101,2025,161,1323,9,-36.11,-33.29,-35.23
101,2025,161,1323,10,-35.99,-32.81,-35.12
101,2025,161,1323,11,-35.81,-32.21,-34.89
101,2025,161,1323,12,-35.69,-31.6,-34.65
101,2025,161,1323,13,-35.54,-31.11,-34.41
101,2025,161,1323,14,-35.39,-30.38,-34.16
101,2025,161,1323,15,-35.24,-29.89,-33.92
101,2025,161,1323,16,-35.12,-29.4,-33.67
101,2025,161,1323,17,-34.94,-28.91,-33.43
101,2025,161,1323,18,-34.8,-28.42,-33.19
101,2025,161,1323,19,-34.64,-27.8,-33.21
101,2025,161,1323,20,-34.5,-27.3,-32.84
101,2025,161,1323,21,-34.37,-26.81,-32.73
101,2025,161,1323,22,-34.22,-26.44,-32.48
101,2025,161,1323,23,-34.08,-25.95,-32.24
101,2025,161,1323,24,-33.9,-25.45,-31.99
101,2025,161,1323,25,-33.78,-24.95,-31.75
101,2025,161,1323,26,-33.62,-24.45,-31.76
101,2025,161,1323,27,-33.44,-23.95,-31.39
101,2025,161,1323,28,-33.3,-23.56,-31.27
101,2025,161,1323,29,-33.14,-23.19,-31.03
101,2025,161,1323,30,-32.99,-22.68,-30.77
101,2025,161,1323,31,-32.87,-22.44,-30.53
101,2025,161,1323,32,-32.66,-21.93,-30.41
101,2025,161,1323,33,-32.51,-21.55,-30.3
101,2025,161,1323,34,-32.42,-21.17,-30.06
101,2025,161,1323,35,-32.24,-20.92,-29.81
101,2025,161,1323,36,-32.09,-20.41,-29.55
101,2025,161,1323,37,-31.91,-20.02,-29.31
101,2025,161,1323,38,-31.76,-19.65,-29.32
101,2025,161,1323,39,-31.61,-19.39,-29.08
101,2025,161,1323,40,-31.48,-18.87,-28.82
101,2025,161,1323,41,-31.33,-18.62,-28.58
101,2025,161,1323,42,-31.12,-18.37,-28.59
101,2025,161,1323,43,-31,-18.11,-28.34
101,2025,161,1323,44,-30.85,-17.72,-28.09
101,2025,161,1323,45,-30.72,-17.46,-27.84
101,2025,161,1323,46,-30.54,-17.08,-27.85
101,2025,161,1323,47,-30.42,-16.82,-27.61
101,2025,161,1323,48,-30.24,-16.57,-27.35
101,2025,161,1323,49,-30.12,-16.31,-27.1
101,2025,161,1323,50,-29.99,-16.05,-26.98
101,2025,161,1323,51,-29.81,-15.79,-26.87
101,2025,161,1323,52,-29.69,-15.53,-26.62
101,2025,161,1323,53,-29.53,-15.27,-26.37
101,2025,161,1323,54,-29.38,-15.01,-26.11
101,2025,161,1323,55,-29.26,-14.75,-26.12
101,2025,161,1323,56,-29.11,-14.49,-25.88
101,2025,161,1323,57,-28.95,-14.23,-25.62
101,2025,161,1323,58,-28.83,-13.97,-25.37
101,2025,161,1323,59,-28.62,-13.71,-25.38
101,2025,161,1324,0,-28.53,-13.44,-25.13
101,2025,161,1324,1,-28.4,-13.18,-24.87
101,2025,161,1324,2,-28.28,-13.05,-24.88
101,2025,161,1324,3,-28.1,-12.92,-24.63
101,2025,161,1324,4,-27.97,-12.66,-24.38
101,2025,161,1324,5,-27.79,-12.39,-24.38
101,2025,161,1324,6,-27.63,-12.4,-24.13
101,2025,161,1324,7,-27.54,-12.14,-23.87
101,2025,161,1324,8,-27.42,-11.87,-23.62
101,2025,161,1324,9,-27.23,-11.87,-23.63
101,2025,161,1324,10,-27.11,-11.61,-23.38
101,2025,161,1324,11,-26.95,-11.47,-23.25
101,2025,161,1324,12,-26.8,-11.35,-23.13
101,2025,161,1324,13,-26.61,-11.08,-22.87
101,2025,161,1324,14,-26.55,-10.81,-22.75
101,2025,161,1324,15,-26.4,-10.82,-22.63
101,2025,161,1324,16,-26.27,-10.55,-22.37
101,2025,161,1324,17,-26.12,-10.29,-22.38
101,2025,161,1324,18,-26,-10.29,-22.13
101,2025,161,1324,19,-25.84,-10.03,-22
101,2025,161,1324,20,-25.68,-9.89,-21.88
101,2025,161,1324,21,-25.62,-9.76,-21.62
101,2025,161,1324,22,-25.47,-9.5,-21.5
101,2025,161,1324,23,-25.31,-9.36,-21.37
101,2025,161,1324,24,-25.16,-9.23,-21.12
101,2025,161,1324,25,-25.09,-8.97,-20.99
101,2025,161,1324,26,-24.91,-8.83,-20.86
101,2025,161,1324,27,-24.78,-8.7,-20.74
101,2025,161,1324,28,-24.66,-8.43,-20.62
101,2025,161,1324,29,-24.56,-8.43,-20.35
101,2025,161,1324,30,-24.41,-8.16,-20.36
101,2025,161,1324,31,-24.28,-8.17,-20.1
101,2025,161,1324,32,-24.13,-7.894,-20.11
101,2025,161,1324,33,-24,-7.898,-19.84
101,2025,161,1324,34,-23.85,-7.626,-19.72
101,2025,161,1324,35,-23.75,-7.63,-19.59
101,2025,161,1324,36,-23.63,-7.495,-19.47
101,2025,161,1324,37,-23.47,-7.363,-19.35
101,2025,161,1324,38,-23.38,-7.227,-19.08
101,2025,161,1324,39,-23.19,-7.094,-19.09
101,2025,161,1324,40,-23.12,-6.822,-18.83
101,2025,161,1324,41,-22.97,-6.824,-18.84
101,2025,161,1324,42,-22.84,-6.826,-18.57
101,2025,161,1324,43,-22.69,-6.69,-18.45
101,2025,161,1324,44,-22.59,-6.556,-18.32
101,2025,161,1324,45,-22.47,-6.557,-18.32
101,2025,161,1324,46,-22.37,-6.285,-18.07
101,2025,161,1324,47,-22.22,-6.288,-17.8
101,2025,161,1324,48,-22.09,-6.152,-17.81
101,2025,161,1324,49,-21.96,-6.016,-17.55
101,2025,161,1324,50,-21.84,-6.019,-17.56
101,2025,161,1324,51,-21.71,-5.746,-17.29
101,2025,161,1324,52,-21.61,-5.749,-17.3
101,2025,161,1324,53,-21.46,-5.749,-17.04
101,2025,161,1324,54,-21.33,-5.613,-16.91
101,2025,161,1324,55,-21.21,-5.478,-16.79
101,2025,161,1324,56,-21.11,-5.48,-16.52
101,2025,161,1324,57,-20.95,-5.207,-16.53
101,2025,161,1324,58,-20.83,-5.209,-16.26
101,2025,161,1324,59,-20.7,-5.073,-16.27
101,2025,161,1325,0,-20.6,-4.936,-16
101,2025,161,1325,1,-20.45,-4.939,-16.01
101,2025,161,1325,2,-20.32,-4.802,-15.75
101,2025,161,1325,3,-20.22,-4.666,-15.75
101,2025,161,1325,4,-20.06,-4.667,-15.49
101,2025,161,1325,5,-19.94,-4.668,-15.36
101,2025,161,1325,6,-19.81,-4.532,-15.23
101,2025,161,1325,7,-19.71,-4.395,-15.24
101,2025,161,1325,8,-19.59,-4.396,-14.97
101,2025,161,1325,9,-19.49,-4.401,-14.98
101,2025,161,1325,10,-19.37,-4.401,-14.71
101,2025,161,1325,11,-19.24,-4.128,-14.72
101,2025,161,1325,12,-19.08,-4.128,-14.45
101,2025,161,1325,13,-19.01,-4.129,-14.46
101,2025,161,1325,14,-18.82,-4.13,-14.19
101,2025,161,1325,15,-18.73,-3.993,-14.2
101,2025,161,1325,16,-18.57,-3.856,-14.2
101,2025,161,1325,17,-18.5,-3.857,-13.94
101,2025,161,1325,18,-18.41,-3.858,-13.94
101,2025,161,1325,19,-18.28,-3.858,-13.67
101,2025,161,1325,20,-18.15,-3.584,-13.68
101,2025,161,1325,21,-18.02,-3.584,-13.41
101,2025,161,1325,22,-17.93,-3.584,-13.42
101,2025,161,1325,23,-17.77,-3.586,-13.15
101,2025,161,1325,24,-17.67,-3.586,-13.16
101,2025,161,1325,25,-17.54,-3.449,-13.16
101,2025,161,1325,26,-17.48,-3.449,-12.89
101,2025,161,1325,27,-17.32,-3.312,-12.9
101,2025,161,1325,28,-17.25,-3.313,-12.63
101,2025,161,1325,29,-17.06,-3.314,-12.64
101,2025,161,1325,30,-17.03,-3.314,-12.37
101,2025,161,1325,31,-16.83,-3.177,-12.37
101,2025,161,1325,32,-16.74,-3.177,-12.11
101,2025,161,1325,33,-16.61,-3.04,-12.11
101,2025,161,1325,34,-16.51,-3.042,-12.11
101,2025,161,1325,35,-16.42,-3.042,-11.84
101,2025,161,1325,36,-16.29,-3.042,-11.85
101,2025,161,1325,37,-16.19,-2.905,-11.58
101,2025,161,1325,38,-16.06,-2.905,-11.59
101,2025,161,1325,39,-15.97,-2.768,-11.32
101,2025,161,1325,40,-15.84,-2.768,-11.32
101,2025,161,1325,41,-15.74,-2.769,-11.06
101,2025,161,1325,42,-15.64,-2.769,-11.06
101,2025,161,1325,43,-15.51,-2.632,-11.06
101,2025,161,1325,44,-15.42,-2.495,-10.79
101,2025,161,1325,45,-15.29,-2.495,-10.8
101,2025,161,1325,46,-15.19,-2.495,-10.53
101,2025,161,1325,47,-15.03,-2.496,-10.53
101,2025,161,1325,48,-14.96,-2.496,-10.4
101,2025,161,1325,49,-14.9,-2.359,-10.27
101,2025,161,1325,50,-14.7,-2.359,-10.27
101,2025,161,1325,51,-14.61,-2.221,-10
101,2025,161,1325,52,-14.51,-2.221,-10.01
101,2025,161,1325,53,-14.44,-2.222,-9.87
101,2025,161,1325,54,-14.28,-2.223,-9.74
101,2025,161,1325,55,-14.22,-2.223,-9.74
101,2025,161,1325,56,-14.12,-1.948,-9.47
101,2025,161,1325,57,-13.99,-1.948,-9.47
101,2025,161,1325,58,-13.89,-1.948,-9.34
101,2025,161,1325,59,-13.79,-1.948,-9.21
101,2025,161,1326,0,-13.66,-1.949,-9.08
101,2025,161,1326,1,-13.56,-1.962,-8.95
101,2025,161,1326,2,-13.43,-1.825,-8.96
101,2025,161,1326,3,-13.4,-1.687,-8.96
101,2025,161,1326,4,-13.27,-1.687,-8.69
101,2025,161,1326,5,-13.17,-1.687,-8.69
101,2025,161,1326,6,-13.07,-1.687,-8.42
101,2025,161,1326,7,-12.91,-1.688,-8.42
101,2025,161,1326,8,-12.88,-1.688,-8.43
101,2025,161,1326,9,-12.81,-1.688,-8.16
101,2025,161,1326,10,-12.62,-1.551,-8.16
101,2025,161,1326,11,-12.58,-1.413,-7.889
101,2025,161,1326,12,-12.45,-1.413,-7.889
101,2025,161,1326,13,-12.35,-1.413,-7.893
101,2025,161,1326,14,-12.32,-1.413,-7.623
101,2025,161,1326,15,-12.19,-1.414,-7.625
101,2025,161,1326,16,-12.09,-1.414,-7.627
101,2025,161,1326,17,-11.96,-1.414,-7.356
101,2025,161,1326,18,-11.9,-1.414,-7.36
101,2025,161,1326,19,-11.8,-1.414,-7.088
101,2025,161,1326,20,-11.7,-1.277,-7.088
101,2025,161,1326,21,-11.57,-1.277,-6.956
101,2025,161,1326,22,-11.5,-1.139,-6.821
101,2025,161,1326,23,-11.34,-1.139,-6.823
101,2025,161,1326,24,-11.3,-1.139,-6.824
101,2025,161,1326,25,-11.2,-1.139,-6.553
101,2025,161,1326,26,-11.11,-1.14,-6.555
101,2025,161,1326,27,-11.04,-1.14,-6.421
101,2025,161,1326,28,-10.88,-1.002,-6.285
101,2025,161,1326,29,-10.78,-0.864,-6.285
101,2025,161,1326,30,-10.74,-0.865,-6.288
101,2025,161,1326,31,-10.58,-0.865,-6.016
101,2025,161,1326,32,-10.51,-0.865,-6.018
101,2025,161,1326,33,-10.35,-0.589,-5.884
101,2025,161,1326,34,-10.28,-0.589,-5.748
101,2025,161,1326,35,-10.25,-0.589,-5.749
101,2025,161,1326,36,-10.12,-0.59,-5.751
101,2025,161,1326,37,-9.98,-0.59,-5.479
101,2025,161,1326,38,-9.92,-0.452,-5.48
101,2025,161,1326,39,-9.82,-0.314,-5.482
101,2025,161,1326,40,-9.72,-0.314,-5.21
101,2025,161,1326,41,-9.65,-0.314,-5.211
101,2025,161,1326,42,-9.52,-0.314,-5.076
101,2025,161,1326,43,-9.45,-0.314,-4.94
101,2025,161,1326,44,-9.29,-0.176,-4.941
101,2025,161,1326,45,-9.22,-0.039,-4.806
101,2025,161,1326,46,-9.19,-0.039,-4.67
101,2025,161,1326,47,-9.09,-0.039,-4.671
101,2025,161,1326,48,-8.99,-0.039,-4.673
101,2025,161,1326,49,-8.89,-0.039,-4.4
101,2025,161,1326,50,-8.82,0.237,-4.401
101,2025,161,1326,51,-8.66,0.237,-4.266
101,2025,161,1326,52,-8.66,0.237,-4.13
101,2025,161,1326,53,-8.52,0.219,-4.147
101,2025,161,1326,54,-8.39,0.219,-4.149
101,2025,161,1326,55,-8.33,0.22,-3.876
101,2025,161,1326,56,-8.22,0.22,-3.876
101,2025,161,1326,57,-8.16,0.22,-3.877
101,2025,161,1326,58,-8.13,0.22,-3.742
101,2025,161,1326,59,-8.02,0.495,-3.605
101,2025,161,1327,0,-7.893,0.495,-3.606
101,2025,161,1327,1,-7.859,0.495,-3.607
101,2025,161,1327,2,-7.758,0.495,-3.334
101,2025,161,1327,3,-7.659,0.495,-3.335
101,2025,161,1327,4,-7.592,0.496,-3.336
101,2025,161,1327,5,-7.424,0.496,-3.062
101,2025,161,1327,6,-7.325,0.496,-3.062
101,2025,161,1327,7,-7.292,0.772,-3.064
101,2025,161,1327,8,-7.191,0.772,-2.927
101,2025,161,1327,9,-7.09,0.772,-2.791
101,2025,161,1327,10,-7.023,0.772,-2.791
101,2025,161,1327,11,-6.989,0.772,-2.792
101,2025,161,1327,12,-6.856,0.772,-2.518
101,2025,161,1327,13,-6.789,0.772,-2.518
101,2025,161,1327,14,-6.688,0.772,-2.52
101,2025,161,1327,15,-6.554,0.91,-2.246
101,2025,161,1327,16,-6.521,1.049,-2.246
101,2025,161,1327,17,-6.487,1.049,-2.246
101,2025,161,1327,18,-6.32,1.049,-2.247
101,2025,161,1327,19,-6.253,1.049,-1.973
101,2025,161,1327,20,-6.186,1.187,-1.973
101,2025,161,1327,21,-6.084,1.326,-1.973
101,2025,161,1327,22,-6.017,1.326,-1.974
101,2025,161,1327,23,-5.95,1.326,-1.7
101,2025,161,1327,24,-5.85,1.326,-1.7
101,2025,161,1327,25,-5.715,1.603,-1.701
101,2025,161,1327,26,-5.681,1.603,-1.701
101,2025,161,1327,27,-5.614,1.603,-1.427
101,2025,161,1327,28,-5.479,1.603,-1.427
101,2025,161,1327,29,-5.446,1.604,-1.427
101,2025,161,1327,30,-5.344,1.88,-1.428
101,2025,161,1327,31,-5.21,1.742,-1.154
101,2025,161,1327,32,-5.176,1.88,-1.154
101,2025,161,1327,33,-5.075,1.88,-1.154
101,2025,161,1327,34,-4.973,1.88,-1.154
101,2025,161,1327,35,-4.906,1.881,-1.154
101,2025,161,1327,36,-4.872,1.88,-0.88
101,2025,161,1327,37,-4.805,1.881,-0.88
101,2025,161,1327,38,-4.67,1.881,-0.88
101,2025,161,1327,39,-4.602,1.881,-0.88
101,2025,161,1327,40,-4.535,1.881,-0.88
101,2025,161,1327,41,-4.399,2.02,-0.88
101,2025,161,1327,42,-4.366,2.02,-0.605
101,2025,161,1327,43,-4.298,2.02,-0.605
101,2025,161,1327,44,-4.196,2.158,-0.605
101,2025,161,1327,45,-4.129,2.169,-0.595
101,2025,161,1327,46,-4.061,2.169,-0.596
101,2025,161,1327,47,-3.926,2.169,-0.596
101,2025,161,1327,48,-3.892,2.169,-0.458
101,2025,161,1327,49,-3.858,2.169,-0.458
101,2025,161,1327,50,-3.79,2.169,-0.321
101,2025,161,1327,51,-3.722,2.169,-0.321
101,2025,161,1327,52,-3.587,2.169,-0.321
101,2025,161,1327,53,-3.553,2.17,-0.321
101,2025,161,1327,54,-3.451,2.17,-0.321
101,2025,161,1327,55,-3.383,2.17,-0.046
101,2025,161,1327,56,-3.315,2.447,-0.046
101,2025,161,1327,57,-3.247,2.17,-0.046
101,2025,161,1327,58,-3.111,2.447,-0.046
101,2025,161,1327,59,-3.043,2.447,-0.046
101,2025,161,1328,0,-3.01,2.447,0.091
101,2025,161,1328,1,-2.942,2.447,0.229
101,2025,161,1328,2,-2.839,2.447,0.229
101,2025,161,1328,3,-2.771,2.447,0.229
101,2025,161,1328,4,-2.737,2.447,0.229
101,2025,161,1328,5,-2.669,2.447,0.367
101,2025,161,1328,6,-2.601,2.447,0.504
101,2025,161,1328,7,-2.499,2.447,0.504
101,2025,161,1328,8,-2.465,2.447,0.504
101,2025,161,1328,9,-2.363,2.447,0.504
101,2025,161,1328,10,-2.26,2.447,0.642
101,2025,161,1328,11,-2.226,2.448,0.642
101,2025,161,1328,12,-2.192,2.448,0.78
101,2025,161,1328,13,-2.158,2.448,0.78
101,2025,161,1328,14,-2.056,2.448,0.78
101,2025,161,1328,15,-1.953,2.448,0.78
101,2025,161,1328,16,-1.919,2.587,0.78
101,2025,161,1328,17,-1.817,2.587,1.056
101,2025,161,1328,18,-1.714,2.725,1.056
101,2025,161,1328,19,-1.714,2.725,1.056
101,2025,161,1328,20,-1.68,2.725,1.056
101,2025,161,1328,21,-1.612,2.725,1.056
101,2025,161,1328,22,-1.543,2.725,1.332
101,2025,161,1328,23,-1.475,2.725,1.332
101,2025,161,1328,24,-1.407,2.726,1.332
101,2025,161,1328,25,-1.372,2.726,1.332
101,2025,161,1328,26,-1.338,2.727,1.333
101,2025,161,1328,27,-1.27,2.865,1.609
101,2025,161,1328,28,-1.201,3.004,1.609
101,2025,161,1328,29,-1.133,3.004,1.609
101,2025,161,1328,30,-1.099,3.004,1.609
101,2025,161,1328,31,-1.03,3.004,1.748
101,2025,161,1328,32,-0.961,3.004,1.886
101,2025,161,1328,33,-0.893,3.005,1.886
101,2025,161,1328,34,-0.859,3.005,1.886
101,2025,161,1328,35,-0.824,3.005,1.886
101,2025,161,1328,36,-0.721,3.006,1.887
101,2025,161,1328,37,-0.687,3.007,1.888
101,2025,161,1328,38,-0.618,3.145,2.164
101,2025,161,1328,39,-0.584,3.145,2.164
101,2025,161,1328,40,-0.584,3.284,2.164
101,2025,161,1328,41,-0.55,3.284,2.165
101,2025,161,1328,42,-0.515,3.284,2.303
101,2025,161,1328,43,-0.481,3.284,2.441
101,2025,161,1328,44,-0.447,3.284,2.441
101,2025,161,1328,45,-0.378,3.285,2.441
101,2025,161,1328,46,-0.309,3.286,2.441
101,2025,161,1328,47,-0.309,3.286,2.443
101,2025,161,1328,48,-0.275,3.425,2.581
101,2025,161,1328,49,-0.241,3.425,2.719
101,2025,161,1328,50,-0.172,3.564,2.719
101,2025,161,1328,51,-0.138,3.564,2.719
101,2025,161,1328,52,-0.103,3.564,2.72
101,2025,161,1328,53,-0.103,3.564,2.859
101,2025,161,1328,54,-0.069,3.564,2.997
101,2025,161,1328,55,-0.034,3.565,2.997
101,2025,161,1328,56,-0.034,3.566,2.997
101,2025,161,1328,57,-0.034,3.566,2.997
101,2025,161,1328,58,0,3.566,2.998
101,2025,161,1328,59,0,3.566,2.999
101,2025,161,1329,0,0.034,3.843,3.137
101,2025,161,1329,1,0.034,3.843,3.275
101,2025,161,1329,2,0.069,3.843,3.276
101,2025,161,1329,3,0.103,3.843,3.276
101,2025,161,1329,4,0.138,3.843,3.276
101,2025,161,1329,5,0.138,3.843,3.277
101,2025,161,1329,6,0.172,3.843,3.554
101,2025,161,1329,7,0.241,3.843,3.554
101,2025,161,1329,8,0.275,3.844,3.554
101,2025,161,1329,9,0.31,3.844,3.554
101,2025,161,1329,10,0.344,3.845,3.556
101,2025,161,1329,11,0.413,3.845,3.694
101,2025,161,1329,12,0.448,3.984,3.833
101,2025,161,1329,13,0.517,3.984,3.833
101,2025,161,1329,14,0.517,4.123,3.833
101,2025,161,1329,15,0.585,3.984,3.834
101,2025,161,1329,16,0.585,4.123,3.835
101,2025,161,1329,17,0.62,4.123,4.112
101,2025,161,1329,18,0.654,4.123,4.112
101,2025,161,1329,19,0.758,4.123,4.112
101,2025,161,1329,20,0.827,4.123,4.112
101,2025,161,1329,21,0.861,4.123,4.112
101,2025,161,1329,22,0.93,4.126,4.113
101,2025,161,1329,23,1,4.126,4.114
101,2025,161,1329,24,1.069,4.126,4.114
101,2025,161,1329,25,1.103,4.126,4.392
101,2025,161,1329,26,1.138,4.126,4.392
101,2025,161,1329,27,1.241,4.265,4.393
101,2025,161,1329,28,1.31,4.265,4.393
101,2025,161,1329,29,1.345,4.412,4.402
101,2025,161,1329,30,1.38,4.412,4.541
101,2025,161,1329,31,1.483,4.412,4.68
101,2025,161,1329,32,1.552,4.412,4.68
101,2025,161,1329,33,1.587,4.412,4.68
101,2025,161,1329,34,1.622,4.412,4.68
101,2025,161,1329,35,1.691,4.412,4.68
101,2025,161,1329,36,1.726,4.412,4.682
101,2025,161,1329,37,1.726,4.412,4.821
101,2025,161,1329,38,1.795,4.412,4.96
101,2025,161,1329,39,1.864,4.412,4.96
101,2025,161,1329,40,1.934,4.412,4.96
101,2025,161,1329,41,1.968,4.414,4.96
101,2025,161,1329,42,2.072,4.414,4.961
101,2025,161,1329,43,2.072,4.692,5.101
101,2025,161,1329,44,2.142,4.692,5.101
101,2025,161,1329,45,2.176,4.692,5.24
101,2025,161,1329,46,2.246,4.692,5.24
101,2025,161,1329,47,2.28,4.692,5.24
101,2025,161,1329,48,2.35,4.692,5.24
101,2025,161,1329,49,2.35,4.692,5.24
101,2025,161,1329,50,2.419,4.692,5.243
101,2025,161,1329,51,2.489,4.692,5.243
101,2025,161,1329,52,2.524,4.692,5.521
101,2025,161,1329,53,2.628,4.692,5.521
101,2025,161,1329,54,2.628,4.692,5.521
101,2025,161,1329,55,2.697,4.694,5.521
101,2025,161,1329,56,2.732,4.695,5.521
101,2025,161,1329,57,2.732,4.695,5.523
101,2025,161,1329,58,2.802,4.695,5.524
101,2025,161,1329,59,2.836,4.834,5.524
101,2025,161,1330,0,2.906,4.973,5.802
101,2025,161,1330,1,2.975,4.973,5.802
101,2025,161,1330,2,3.01,4.973,5.802
101,2025,161,1330,3,3.08,4.973,5.802
101,2025,161,1330,4,3.115,4.973,5.802
101,2025,161,1330,5,3.15,4.973,5.804
101,2025,161,1330,6,3.219,4.973,5.805
101,2025,161,1330,7,3.254,4.973,6.084
101,2025,161,1330,8,3.324,4.973,6.084
101,2025,161,1330,9,3.393,4.975,6.084
101,2025,161,1330,10,3.428,4.975,6.084
101,2025,161,1330,11,3.463,4.976,6.084
101,2025,161,1330,12,3.533,5.115,6.084
101,2025,161,1330,13,3.568,5.115,6.224
101,2025,161,1330,14,3.603,5.255,6.226
101,2025,161,1330,15,3.638,5.255,6.365
101,2025,161,1330,16,3.742,5.255,6.365
101,2025,161,1330,17,3.777,5.255,6.365
101,2025,161,1330,18,3.812,5.255,6.365
101,2025,161,1330,19,3.812,5.255,6.365
101,2025,161,1330,20,3.847,5.255,6.367
101,2025,161,1330,21,3.917,5.243,6.356
101,2025,161,1330,22,3.952,5.243,6.358
101,2025,161,1330,23,3.987,5.243,6.497
101,2025,161,1330,24,4.021,5.243,6.636
101,2025,161,1330,25,4.091,5.243,6.636
101,2025,161,1330,26,4.127,5.243,6.636
101,2025,161,1330,27,4.197,5.243,6.636
101,2025,161,1330,28,4.231,5.243,6.636
101,2025,161,1330,29,4.266,5.243,6.638
101,2025,161,1330,30,4.336,5.243,6.779
101,2025,161,1330,31,4.336,5.243,6.779
101,2025,161,1330,32,4.406,5.243,6.779
101,2025,161,1330,33,4.406,5.243,6.779
101,2025,161,1330,34,4.476,5.243,6.918
101,2025,161,1330,35,4.511,5.243,6.918
101,2025,161,1330,36,4.546,5.243,6.918
101,2025,161,1330,37,4.616,5.245,6.918
101,2025,161,1330,38,4.651,5.243,6.918
101,2025,161,1330,39,4.687,5.246,6.922
101,2025,161,1330,40,4.757,5.246,6.922
101,2025,161,1330,41,4.757,5.246,7.061
101,2025,161,1330,42,4.861,5.246,7.201
101,2025,161,1330,43,4.932,5.246,7.201
101,2025,161,1330,44,4.932,5.246,7.201
101,2025,161,1330,45,4.932,5.246,7.201
101,2025,161,1330,46,4.932,5.386,7.203
101,2025,161,1330,47,5.002,5.386,7.203
101,2025,161,1330,48,5.037,5.386,7.205
101,2025,161,1330,49,5.072,5.386,7.344
101,2025,161,1330,50,5.072,5.386,7.484
101,2025,161,1330,51,5.107,5.386,7.484
101,2025,161,1330,52,5.177,5.525,7.484
101,2025,161,1330,53,5.212,5.525,7.484
101,2025,161,1330,54,5.283,5.525,7.484
101,2025,161,1330,55,5.318,5.525,7.484
101,2025,161,1330,56,5.353,5.525,7.488
101,2025,161,1330,57,5.423,5.525,7.488
101,2025,161,1330,58,5.423,5.525,7.488
101,2025,161,1330,59,5.493,5.525,7.488
101,2025,161,1331,0,5.529,5.525,7.767
101,2025,161,1331,1,5.563,5.525,7.767
101,2025,161,1331,2,5.599,5.525,7.767
101,2025,161,1331,3,5.634,5.525,7.767
101,2025,161,1331,4,5.669,5.526,7.767
101,2025,161,1331,5,5.704,5.528,7.769
101,2025,161,1331,6,5.774,5.528,7.769
101,2025,161,1331,7,5.774,5.528,7.771
101,2025,161,1331,8,5.81,5.667,7.771
101,2025,161,1331,9,5.81,5.528,8.05
101,2025,161,1331,10,5.88,5.528,8.05
101,2025,161,1331,11,5.95,5.667,8.05
101,2025,161,1331,12,5.951,5.667,8.05
101,2025,161,1331,13,6.02,5.669,8.05
101,2025,161,1331,14,6.056,5.669,8.05
101,2025,161,1331,15,6.056,5.808,8.05
101,2025,161,1331,16,6.126,5.808,8.05
101,2025,161,1331,17,6.197,5.808,8.05
101,2025,161,1331,18,6.197,5.808,8.05
101,2025,161,1331,19,6.197,5.808,8.06
101,2025,161,1331,20,6.232,5.808,8.2
101,2025,161,1331,21,6.302,5.808,8.34
101,2025,161,1331,22,6.374,5.808,8.34
101,2025,161,1331,23,6.444,5.808,8.34
101,2025,161,1331,24,6.514,5.81,8.34
101,2025,161,1331,25,6.55,5.81,8.34
101,2025,161,1331,26,6.584,5.81,8.34
101,2025,161,1331,27,6.62,5.811,8.34
101,2025,161,1331,28,6.656,5.951,8.34
101,2025,161,1331,29,6.726,5.951,8.62
101,2025,161,1331,30,6.796,6.09,8.62
101,2025,161,1331,31,6.832,6.09,8.62
101,2025,161,1331,32,6.867,6.09,8.62
101,2025,161,1331,33,6.903,6.09,8.62
101,2025,161,1331,34,7.009,6.09,8.62
101,2025,161,1331,35,7.044,6.09,8.62
101,2025,161,1331,36,7.115,6.09,8.62
101,2025,161,1331,37,7.15,6.09,8.62
101,2025,161,1331,38,7.185,6.09,8.9
101,2025,161,1331,39,7.185,6.092,8.9
101,2025,161,1331,40,7.256,6.232,8.9
101,2025,161,1331,41,7.327,6.232,8.91
101,2025,161,1331,42,7.327,6.232,8.91
101,2025,161,1331,43,7.398,6.233,8.91
101,2025,161,1331,44,7.469,6.373,9.05
101,2025,161,1331,45,7.504,6.373,9.05
101,2025,161,1331,46,7.575,6.373,9.19
101,2025,161,1331,47,7.61,6.373,9.19
101,2025,161,1331,48,7.681,6.373,9.19
101,2025,161,1331,49,7.716,6.373,9.19
101,2025,161,1331,50,7.788,6.373,9.19
101,2025,161,1331,51,7.859,6.373,9.19
101,2025,161,1331,52,7.894,6.373,9.33
101,2025,161,1331,53,7.965,6.373,9.47
101,2025,161,1331,54,8,6.373,9.47
101,2025,161,1331,55,8.04,6.375,9.47
101,2025,161,1331,56,8.07,6.375,9.47
101,2025,161,1331,57,8.18,6.375,9.48
101,2025,161,1331,58,8.18,6.375,9.48
101,2025,161,1331,59,8.28,6.375,9.48
101,2025,161,1332,0,8.32,6.375,9.62
101,2025,161,1332,1,8.32,6.375,9.62
101,2025,161,1332,2,8.36,6.376,9.76
101,2025,161,1332,3,8.39,6.376,9.76
101,2025,161,1332,4,8.46,6.376,9.76
101,2025,161,1332,5,8.46,6.385,9.77
101,2025,161,1332,6,8.5,6.524,9.77
101,2025,161,1332,7,8.57,6.385,9.77
101,2025,161,1332,8,8.57,6.524,9.77
101,2025,161,1332,9,8.64,6.664,9.77
101,2025,161,1332,10,8.71,6.664,9.77
101,2025,161,1332,11,8.78,6.664,10.05
101,2025,161,1332,12,8.78,6.664,10.05
101,2025,161,1332,13,8.85,6.664,10.05
101,2025,161,1332,14,8.85,6.664,10.05
101,2025,161,1332,15,8.89,6.664,10.05
101,2025,161,1332,16,8.96,6.664,10.05
101,2025,161,1332,17,8.96,6.664,10.05
101,2025,161,1332,18,9.03,6.664,10.06
101,2025,161,1332,19,9.07,6.664,10.06
101,2025,161,1332,20,9.07,6.664,10.06
101,2025,161,1332,21,9.14,6.664,10.06
101,2025,161,1332,22,9.17,6.664,10.34
101,2025,161,1332,23,9.21,6.664,10.34
101,2025,161,1332,24,9.28,6.664,10.34
101,2025,161,1332,25,9.32,6.664,10.34
101,2025,161,1332,26,9.35,6.664,10.34
101,2025,161,1332,27,9.42,6.664,10.34
101,2025,161,1332,28,9.42,6.664,10.34
101,2025,161,1332,29,9.46,6.664,10.34
101,2025,161,1332,30,9.53,6.664,10.35
101,2025,161,1332,31,9.53,6.664,10.49
101,2025,161,1332,32,9.6,6.664,10.49
101,2025,161,1332,33,9.6,6.664,10.63
101,2025,161,1332,34,9.64,6.664,10.63
101,2025,161,1332,35,9.64,6.664,10.63
101,2025,161,1332,36,9.71,6.664,10.63
101,2025,161,1332,37,9.71,6.664,10.63
101,2025,161,1332,38,9.78,6.664,10.63
101,2025,161,1332,39,9.85,6.668,10.63
101,2025,161,1332,40,9.89,6.666,10.77
101,2025,161,1332,41,9.89,6.808,10.77
101,2025,161,1332,42,9.96,6.808,10.91
101,2025,161,1332,43,9.96,6.947,10.91
101,2025,161,1332,44,10.03,6.947,10.91
101,2025,161,1332,45,10.03,6.947,10.91
101,2025,161,1332,46,10.1,6.947,10.91
101,2025,161,1332,47,10.1,6.947,10.91
101,2025,161,1332,48,10.17,6.947,10.91
101,2025,161,1332,49,10.21,6.947,10.91
101,2025,161,1332,50,10.25,6.947,10.92
101,2025,161,1332,51,10.28,6.947,10.92
101,2025,161,1332,52,10.28,6.947,10.92
101,2025,161,1332,53,10.32,6.947,10.92
101,2025,161,1332,54,10.35,6.947,10.92
101,2025,161,1332,55,10.39,6.947,11.2
101,2025,161,1332,56,10.39,6.947,11.2
101,2025,161,1332,57,10.46,6.947,11.2
101,2025,161,1332,58,10.46,6.947,11.2
101,2025,161,1332,59,10.53,6.947,11.2
101,2025,161,1333,0,10.57,6.947,11.2
101,2025,161,1333,1,10.57,7.23,11.2
101,2025,161,1333,2,10.64,7.514,11.2
101,2025,161,1333,3,10.64,7.518,11.21
101,2025,161,1333,4,10.71,7.798,11.35
101,2025,161,1333,5,10.75,7.798,11.21
101,2025,161,1333,6,10.75,8.08,11.35
101,2025,161,1333,7,10.75,8.08,11.35
101,2025,161,1333,8,10.75,8.37,11.35
101,2025,161,1333,9,10.78,8.51,11.49
101,2025,161,1333,10,10.78,8.65,11.49
101,2025,161,1333,11,10.82,8.8,11.49
101,2025,161,1333,12,10.78,8.94,11.49
101,2025,161,1333,13,10.82,8.94,11.49
101,2025,161,1333,14,10.82,9.22,11.49
101,2025,161,1333,15,10.85,9.23,11.49
101,2025,161,1333,16,10.85,9.51,11.49
101,2025,161,1333,17,10.89,9.51,11.49
101,2025,161,1333,18,10.96,9.51,11.49
101,2025,161,1333,19,10.96,9.79,11.49
101,2025,161,1333,20,11.03,9.79,11.49
101,2025,161,1333,21,11.07,9.79,11.49
101,2025,161,1333,22,11.07,9.8,11.49
101,2025,161,1333,23,11.1,9.94,11.49
101,2025,161,1333,24,11.14,10.08,11.49
101,2025,161,1333,25,11.14,10.08,11.49
101,2025,161,1333,26,11.14,10.37,11.49
101,2025,161,1333,27,11.18,10.37,11.49
101,2025,161,1333,28,11.25,10.37,11.49
101,2025,161,1333,29,11.25,10.66,11.49
101,2025,161,1333,30,11.29,10.66,11.63
101,2025,161,1333,31,11.32,10.66,11.77
101,2025,161,1333,32,11.36,10.8,11.77
101,2025,161,1333,33,11.36,10.94,11.77
101,2025,161,1333,34,11.39,10.94,11.77
101,2025,161,1333,35,11.43,10.94,11.77
101,2025,161,1333,36,11.43,10.94,11.77
101,2025,161,1333,37,11.43,11.09,11.77
101,2025,161,1333,38,11.46,11.23,11.78
101,2025,161,1333,39,11.54,11.23,11.78
101,2025,161,1333,40,11.57,11.23,11.78
101,2025,161,1333,41,11.64,11.37,11.78
101,2025,161,1333,42,11.64,11.52,11.92
101,2025,161,1333,43,11.68,11.52,12.06
101,2025,161,1333,44,11.72,11.52,12.06
101,2025,161,1333,45,11.68,11.52,12.06
101,2025,161,1333,46,11.75,11.8,12.06
101,2025,161,1333,47,11.75,11.81,12.06
101,2025,161,1333,48,11.79,11.81,12.06
101,2025,161,1333,49,11.82,11.81,12.06
101,2025,161,1333,50,11.9,11.81,12.07
101,2025,161,1333,51,11.9,12.09,12.07
101,2025,161,1333,52,11.93,12.1,12.07
101,2025,161,1333,53,11.93,12.1,12.07
101,2025,161,1333,54,12,12.1,12.35
101,2025,161,1333,55,12,12.1,12.35
101,2025,161,1333,56,12.04,12.1,12.35
101,2025,161,1333,57,12.11,12.1,12.35
101,2025,161,1333,58,12.15,12.24,12.35
101,2025,161,1333,59,12.18,12.38,12.35
101,2025,161,1334,0,12.22,12.38,12.35
101,2025,161,1334,1,12.22,12.38,12.36
101,2025,161,1334,2,12.26,12.38,12.36
101,2025,161,1334,3,12.29,12.38,12.64
101,2025,161,1334,4,12.33,12.38,12.64
101,2025,161,1334,5,12.33,12.53,12.64
101,2025,161,1334,6,12.4,12.67,12.64
101,2025,161,1334,7,12.44,12.67,12.64
101,2025,161,1334,8,12.51,12.67,12.64
101,2025,161,1334,9,12.51,12.67,12.64
101,2025,161,1334,10,12.51,12.68,12.65
101,2025,161,1334,11,12.58,12.68,12.79
101,2025,161,1334,12,12.62,12.68,12.93
101,2025,161,1334,13,12.62,12.96,12.93
101,2025,161,1334,14,12.62,12.96,12.93
101,2025,161,1334,15,12.73,12.96,12.93
101,2025,161,1334,16,12.8,12.68,12.93
101,2025,161,1334,17,12.83,12.68,12.93
101,2025,161,1334,18,12.83,12.67,13.07
101,2025,161,1334,19,12.87,12.67,13.08
101,2025,161,1334,20,12.87,12.67,13.22
101,2025,161,1334,21,12.87,12.53,13.22
101,2025,161,1334,22,12.91,12.38,13.22
101,2025,161,1334,23,12.91,12.38,13.22
101,2025,161,1334,24,12.94,12.38,13.22
101,2025,161,1334,25,12.94,12.24,13.22
101,2025,161,1334,26,13.01,12.1,13.22
101,2025,161,1334,27,13.01,12.1,13.22
101,2025,161,1334,28,13.05,12.1,13.22
101,2025,161,1334,29,13.05,12.1,13.22
101,2025,161,1334,30,13.05,11.95,13.22
101,2025,161,1334,31,13.09,11.95,13.22
101,2025,161,1334,32,13.09,11.81,13.22
101,2025,161,1334,33,13.12,11.81,13.22
101,2025,161,1334,34,13.16,11.81,13.22
101,2025,161,1334,35,13.16,11.81,13.22
101,2025,161,1334,36,13.19,11.81,13.22
101,2025,161,1334,37,13.23,11.81,13.22
101,2025,161,1334,38,13.27,11.81,13.51
101,2025,161,1334,39,13.34,11.81,13.51
101,2025,161,1334,40,13.38,11.81,13.51
101,2025,161,1334,41,13.38,11.8,13.5
101,2025,161,1334,42,13.41,11.8,13.5
101,2025,161,1334,43,13.41,11.8,13.5
101,2025,161,1334,44,13.41,11.8,13.5
101,2025,161,1334,45,13.45,11.8,13.5
101,2025,161,1334,46,13.45,11.8,13.5
101,2025,161,1334,47,13.49,11.8,13.5
101,2025,161,1334,48,13.49,11.8,13.5
101,2025,161,1334,49,13.49,11.8,13.64
101,2025,161,1334,50,13.56,11.8,13.64
101,2025,161,1334,51,13.56,11.8,13.64
101,2025,161,1334,52,13.63,11.8,13.64
101,2025,161,1334,53,13.67,11.8,13.79
101,2025,161,1334,54,13.67,11.8,13.79
101,2025,161,1334,55,13.67,11.8,13.79
101,2025,161,1334,56,13.7,11.8,13.79
101,2025,161,1334,57,13.74,11.8,13.79
101,2025,161,1334,58,13.74,11.94,13.79
101,2025,161,1334,59,13.74,11.8,13.79
101,2025,161,1335,0,13.74,12.08,13.79
101,2025,161,1335,1,13.74,12.08,13.79
101,2025,161,1335,2,13.85,12.08,13.79
101,2025,161,1335,3,13.85,12.08,13.79
101,2025,161,1335,4,13.96,12.09,13.93
101,2025,161,1335,5,13.96,12.09,13.93
101,2025,161,1335,6,13.99,12.09,14.08
101,2025,161,1335,7,14.03,12.23,14.08
101,2025,161,1335,8,14.07,12.37,14.08
101,2025,161,1335,9,14.07,12.37,14.08
101,2025,161,1335,10,14.1,12.37,14.08
101,2025,161,1335,11,14.17,12.37,14.08
101,2025,161,1335,12,14.21,12.37,14.08
101,2025,161,1335,13,14.25,12.38,14.22
101,2025,161,1335,14,14.25,12.38,14.22
101,2025,161,1335,15,14.28,12.66,14.22
101,2025,161,1335,16,14.28,12.67,14.37
101,2025,161,1335,17,14.36,12.95,14.37
101,2025,161,1335,18,14.43,12.95,14.37
101,2025,161,1335,19,14.5,13.24,14.37
101,2025,161,1335,20,14.54,13.25,14.37
101,2025,161,1335,21,14.54,13.53,14.37
101,2025,161,1335,22,14.61,13.67,14.37
101,2025,161,1335,23,14.61,13.82,14.52
101,2025,161,1335,24,14.65,13.82,14.66
101,2025,161,1335,25,14.68,13.82,14.66
101,2025,161,1335,26,14.68,13.83,14.66
101,2025,161,1335,27,14.76,14.11,14.66
101,2025,161,1335,28,14.79,14.11,14.66
101,2025,161,1335,29,14.83,14.11,14.66
101,2025,161,1335,30,14.83,14.26,14.66
101,2025,161,1335,31,14.87,14.41,14.66
101,2025,161,1335,32,14.9,14.41,14.66
101,2025,161,1335,33,14.9,14.41,14.67
101,2025,161,1335,34,14.94,14.7,14.81
101,2025,161,1335,35,14.97,14.7,14.95
101,2025,161,1335,36,15.01,14.7,14.95
101,2025,161,1335,37,15.08,14.7,14.95
101,2025,161,1335,38,15.12,14.7,14.95
101,2025,161,1335,39,15.12,14.99,14.95
101,2025,161,1335,40,15.16,14.99,14.95
101,2025,161,1335,41,15.23,14.99,14.95
101,2025,161,1335,42,15.27,14.99,14.95
101,2025,161,1335,43,15.3,15,14.96
101,2025,161,1335,44,15.3,15,15.1
101,2025,161,1335,45,15.34,15,15.24
101,2025,161,1335,46,15.41,15.28,15.24
101,2025,161,1335,47,15.38,15.28,15.24
101,2025,161,1335,48,15.41,15.28,15.24
101,2025,161,1335,49,15.41,15.28,15.24
101,2025,161,1335,50,15.45,15.28,15.24
101,2025,161,1335,51,15.49,15.28,15.38
101,2025,161,1335,52,15.49,15.43,15.39
101,2025,161,1335,53,15.52,15.43,15.39
101,2025,161,1335,54,15.6,15.43,15.39
101,2025,161,1335,55,15.67,15.43,15.53
101,2025,161,1335,56,15.7,15.43,15.53
101,2025,161,1335,57,15.7,15.43,15.53
101,2025,161,1335,58,15.74,15.43,15.53
101,2025,161,1335,59,15.74,15.29,15.53
101,2025,161,1336,0,15.78,15.43,15.53
101,2025,161,1336,1,15.78,15.43,15.53
101,2025,161,1336,2,15.78,15.43,15.53
101,2025,161,1336,3,15.82,15.57,15.53
101,2025,161,1336,4,15.82,15.43,15.53
101,2025,161,1336,5,15.82,15.58,15.53
101,2025,161,1336,6,15.85,15.58,15.54
101,2025,161,1336,7,15.89,15.58,15.54
101,2025,161,1336,8,15.89,15.58,15.54
101,2025,161,1336,9,15.92,15.58,15.54
101,2025,161,1336,10,15.96,15.58,15.54
101,2025,161,1336,11,15.96,15.58,15.54
101,2025,161,1336,12,16,15.58,15.54
101,2025,161,1336,13,16,15.58,15.68
101,2025,161,1336,14,16,15.58,15.82
101,2025,161,1336,15,16,15.58,15.68
101,2025,161,1336,16,16,15.58,15.68
101,2025,161,1336,17,16,15.58,15.82
101,2025,161,1336,18,16,15.58,15.82
101,2025,161,1336,19,16,15.58,15.82
101,2025,161,1336,20,16,15.43,15.54
101,2025,161,1336,21,15.96,15.43,15.54
101,2025,161,1336,22,15.96,15.43,15.54
101,2025,161,1336,23,15.89,15.43,15.54
101,2025,161,1336,24,15.89,15.43,15.54
101,2025,161,1336,25,15.82,15.29,15.54
101,2025,161,1336,26,15.78,15.29,15.54
101,2025,161,1336,27,15.78,15.29,15.54
101,2025,161,1336,28,15.78,15.29,15.54
101,2025,161,1336,29,15.78,15.29,15.54
101,2025,161,1336,30,15.74,15.29,15.54
101,2025,161,1336,31,15.7,15.29,15.54
101,2025,161,1336,32,15.7,15.15,15.54
101,2025,161,1336,33,15.7,15,15.4
101,2025,161,1336,34,15.67,15,15.4
101,2025,161,1336,35,15.6,15,15.4
101,2025,161,1336,36,15.6,15,15.39
101,2025,161,1336,37,15.49,15,15.25
101,2025,161,1336,38,15.49,15,15.25
101,2025,161,1336,39,15.49,15,15.25
101,2025,161,1336,40,15.49,15,15.25
101,2025,161,1336,41,15.45,15,15.25
101,2025,161,1336,42,15.41,15,15.25
101,2025,161,1336,43,15.41,15,15.25
101,2025,161,1336,44,15.41,15,15.25
101,2025,161,1336,45,15.41,15,15.25
101,2025,161,1336,46,15.41,15,15.25
101,2025,161,1336,47,15.41,15,15.11
101,2025,161,1336,48,15.38,15,15.11
101,2025,161,1336,49,15.38,15,14.97
101,2025,161,1336,50,15.38,15,14.97
101,2025,161,1336,51,15.34,15,14.97
101,2025,161,1336,52,15.34,15,14.96
101,2025,161,1336,53,15.34,15,14.96
101,2025,161,1336,54,15.3,15,14.96
101,2025,161,1336,55,15.3,15.15,14.96
101,2025,161,1336,56,15.3,15.15,14.96
101,2025,161,1336,57,15.3,15.29,14.96
101,2025,161,1336,58,15.3,15.29,14.96
101,2025,161,1336,59,15.3,15.29,14.96
101,2025,161,1337,0,15.27,15.29,14.96
101,2025,161,1337,1,15.3,15.29,14.96
101,2025,161,1337,2,15.27,15.43,14.96
101,2025,161,1337,3,15.27,15.44,14.96
101,2025,161,1337,4,15.27,15.44,14.96
101,2025,161,1337,5,15.27,15.59,14.96
101,2025,161,1337,6,15.27,15.59,14.96
101,2025,161,1337,7,15.27,15.59,14.96
101,2025,161,1337,8,15.27,15.59,14.96
101,2025,161,1337,9,15.27,15.59,14.96
101,2025,161,1337,10,15.27,15.59,14.96
101,2025,161,1337,11,15.27,15.59,14.96
101,2025,161,1337,12,15.27,15.59,14.96
101,2025,161,1337,13,15.23,15.88,14.96
101,2025,161,1337,14,15.27,15.88,14.96
101,2025,161,1337,15,15.27,15.88,14.96
101,2025,161,1337,16,15.27,15.88,14.96
101,2025,161,1337,17,15.27,16.17,14.97
101,2025,161,1337,18,15.27,16.18,14.97
101,2025,161,1337,19,15.27,16.18,14.97
101,2025,161,1337,20,15.27,16.18,14.97
101,2025,161,1337,21,15.3,16.18,14.97
101,2025,161,1337,22,15.3,16.18,14.97
101,2025,161,1337,23,15.3,16.18,14.97
101,2025,161,1337,24,15.3,16.18,14.97
101,2025,161,1337,25,15.3,16.47,14.97
101,2025,161,1337,26,15.3,16.47,14.97
101,2025,161,1337,27,15.3,16.47,14.97
101,2025,161,1337,28,15.34,16.47,14.97
101,2025,161,1337,29,15.34,16.47,14.97
101,2025,161,1337,30,15.34,16.47,15.12
101,2025,161,1337,31,15.34,16.48,15.26
101,2025,161,1337,32,15.38,16.77,15.26
101,2025,161,1337,33,15.38,16.77,15.26
101,2025,161,1337,34,15.38,16.77,15.26
101,2025,161,1337,35,15.38,16.77,15.26
101,2025,161,1337,36,15.38,16.77,15.26
101,2025,161,1337,37,15.41,16.77,15.26
101,2025,161,1337,38,15.41,16.92,15.26
101,2025,161,1337,39,15.41,17.06,15.26
101,2025,161,1337,40,15.41,17.06,15.26
101,2025,161,1337,41,15.41,17.06,15.26
101,2025,161,1337,42,15.45,17.2,15.26
101,2025,161,1337,43,15.49,17.35,15.4
101,2025,161,1337,44,15.49,17.36,15.4
101,2025,161,1337,45,15.49,17.36,15.41
101,2025,161,1337,46,15.49,17.36,15.55
101,2025,161,1337,47,15.56,17.36,15.55
101,2025,161,1337,48,15.56,17.36,15.55
101,2025,161,1337,49,15.63,17.65,15.55
101,2025,161,1337,50,15.63,17.65,15.55
101,2025,161,1337,51,15.7,17.65,15.55
101,2025,161,1337,52,15.7,17.65,15.55
101,2025,161,1337,53,15.74,17.65,15.55
101,2025,161,1337,54,15.7,17.95,15.55
101,2025,161,1337,55,15.74,17.95,15.55
101,2025,161,1337,56,15.78,17.95,15.56
101,2025,161,1337,57,15.78,17.95,15.56
101,2025,161,1337,58,15.78,18.24,15.56
101,2025,161,1337,59,15.82,18.24,15.84
101,2025,161,1338,0,15.85,18.24,15.84
101,2025,161,1338,1,15.89,18.24,15.84
101,2025,161,1338,2,15.89,18.24,15.84
101,2025,161,1338,3,15.96,18.54,15.84
101,2025,161,1338,4,16,18.54,15.85
101,2025,161,1338,5,16,18.54,15.85
101,2025,161,1338,6,16,18.54,15.85
101,2025,161,1338,7,16.07,18.83,15.99
101,2025,161,1338,8,16.07,18.83,16.13
101,2025,161,1338,9,16.07,18.84,16.14
101,2025,161,1338,10,16.07,18.84,16.14
101,2025,161,1338,11,16.14,18.84,16.14
101,2025,161,1338,12,16.22,18.99,16.14
101,2025,161,1338,13,16.22,19.14,16.14
101,2025,161,1338,14,16.29,19.14,16.14
101,2025,161,1338,15,16.33,19.14,16.14
101,2025,161,1338,16,16.36,19.14,16.29
101,2025,161,1338,17,16.36,19.14,16.43
101,2025,161,1338,18,16.36,19.14,16.43
101,2025,161,1338,19,16.4,19.43,16.43
101,2025,161,1338,20,16.44,19.43,16.43
101,2025,161,1338,21,16.44,19.43,16.43
101,2025,161,1338,22,16.51,19.43,16.44
101,2025,161,1338,23,16.51,19.58,16.44
101,2025,161,1338,24,16.55,19.73,16.58
101,2025,161,1338,25,16.58,19.73,16.73
101,2025,161,1338,26,16.62,20.02,16.73
101,2025,161,1338,27,16.66,20.03,16.73
101,2025,161,1338,28,16.69,20.17,16.73
101,2025,161,1338,29,16.73,20.31,16.73
101,2025,161,1338,30,16.77,20.32,16.73
101,2025,161,1338,31,16.84,20.32,16.73
101,2025,161,1338,32,16.84,20.33,16.88
101,2025,161,1338,33,16.88,20.62,17.02
101,2025,161,1338,34,16.88,20.62,17.02
101,2025,161,1338,35,16.95,20.62,17.02
101,2025,161,1338,36,16.95,20.62,17.02
101,2025,161,1338,37,17.02,20.62,17.02
101,2025,161,1338,38,17.1,20.91,17.03
101,2025,161,1338,39,17.13,20.92,17.17
101,2025,161,1338,40,17.17,20.92,17.31
101,2025,161,1338,41,17.21,20.92,17.31
101,2025,161,1338,42,17.24,20.92,17.31
101,2025,161,1338,43,17.24,21.22,17.31
101,2025,161,1338,44,17.32,21.22,17.31
101,2025,161,1338,45,17.39,21.22,17.32
101,2025,161,1338,46,17.46,21.22,17.61
101,2025,161,1338,47,17.5,21.51,17.61
101,2025,161,1338,48,17.5,21.52,17.61
101,2025,161,1338,49,17.54,21.52,17.61
101,2025,161,1338,50,17.54,21.52,17.61
101,2025,161,1338,51,17.61,21.52,17.61
101,2025,161,1338,52,17.65,21.81,17.76
101,2025,161,1338,53,17.69,21.82,17.9
101,2025,161,1338,54,17.72,21.82,17.9
101,2025,161,1338,55,17.76,21.96,17.9
101,2025,161,1338,56,17.76,22.12,17.9
101,2025,161,1338,57,17.83,22.12,17.9
101,2025,161,1338,58,17.87,22.27,17.91
101,2025,161,1338,59,17.94,22.41,18.05
101,2025,161,1339,0,18.05,22.42,18.2
101,2025,161,1339,1,18.05,22.42,18.2
101,2025,161,1339,2,18.09,22.42,18.2
101,2025,161,1339,3,18.09,22.57,18.21
101,2025,161,1339,4,18.13,22.73,18.21
101,2025,161,1339,5,18.2,22.73,18.5
101,2025,161,1339,6,18.27,22.73,18.5
101,2025,161,1339,7,18.31,22.73,18.5
101,2025,161,1339,8,18.35,23.03,18.5
101,2025,161,1339,9,18.38,23.03,18.5
101,2025,161,1339,10,18.38,23.03,18.5
101,2025,161,1339,11,18.42,23.17,18.79
101,2025,161,1339,12,18.5,23.31,18.79
101,2025,161,1339,13,18.61,23.32,18.79
101,2025,161,1339,14,18.68,23.33,18.79
101,2025,161,1339,15,18.68,23.33,18.79
101,2025,161,1339,16,18.72,23.33,18.94
101,2025,161,1339,17,18.76,23.62,18.94
101,2025,161,1339,18,18.79,23.63,19.09
101,2025,161,1339,19,18.87,23.63,19.09
101,2025,161,1339,20,18.94,23.63,19.09
101,2025,161,1339,21,18.94,23.77,19.09
101,2025,161,1339,22,18.98,23.92,19.09
101,2025,161,1339,23,18.98,23.92,19.1
101,2025,161,1339,24,19.05,23.93,19.38
101,2025,161,1339,25,19.12,23.93,19.38
101,2025,161,1339,26,19.24,23.93,19.38
101,2025,161,1339,27,19.24,23.93,19.39
101,2025,161,1339,28,19.27,24.08,19.39
101,2025,161,1339,29,19.31,24.23,19.39
101,2025,161,1339,30,19.35,24.23,19.68
101,2025,161,1339,31,19.46,24.52,19.68
101,2025,161,1339,32,19.53,24.54,19.68
101,2025,161,1339,33,19.53,24.54,19.68
101,2025,161,1339,34,19.57,24.54,19.68
101,2025,161,1339,35,19.61,24.54,19.83
101,2025,161,1339,36,19.61,24.83,19.98
101,2025,161,1339,37,19.75,24.84,19.98
101,2025,161,1339,38,19.83,24.84,19.98
101,2025,161,1339,39,19.83,24.84,19.98
101,2025,161,1339,40,19.86,24.84,19.99
101,2025,161,1339,41,19.9,25.13,20.27
101,2025,161,1339,42,19.98,25.14,20.27
101,2025,161,1339,43,20.05,25.14,20.27
101,2025,161,1339,44,20.09,25.14,20.27
101,2025,161,1339,45,20.13,25.29,20.28
101,2025,161,1339,46,20.16,25.44,20.28
101,2025,161,1339,47,20.16,25.45,20.57
101,2025,161,1339,48,20.2,25.45,20.57
101,2025,161,1339,49,20.38,25.45,20.57
101,2025,161,1339,50,20.42,25.59,20.57
101,2025,161,1339,51,20.46,25.74,20.72
101,2025,161,1339,52,20.46,25.75,20.87
101,2025,161,1339,53,20.5,25.75,20.87
101,2025,161,1339,54,20.53,25.75,20.87
101,2025,161,1339,55,20.65,25.75,20.87
101,2025,161,1339,56,20.72,25.75,20.87
101,2025,161,1339,57,20.76,26.04,20.88
101,2025,161,1339,58,20.76,26.05,21.17
101,2025,161,1339,59,20.76,26.06,21.17
101,2025,161,1340,0,20.87,26.06,21.17
101,2025,161,1340,1,20.94,26.06,21.17
101,2025,161,1340,2,21.02,26.06,21.32
101,2025,161,1340,3,21.06,26.06,21.33
101,2025,161,1340,4,21.06,26.06,21.47
101,2025,161,1340,5,21.09,26.06,21.47
101,2025,161,1340,6,21.17,26.06,21.47
101,2025,161,1340,7,21.17,26.2,21.47
101,2025,161,1340,8,21.2,26.06,21.47
101,2025,161,1340,9,21.28,26.35,21.48
101,2025,161,1340,10,21.35,26.36,21.77
101,2025,161,1340,11,21.39,26.36,21.77
101,2025,161,1340,12,21.39,26.36,21.77
101,2025,161,1340,13,21.47,26.35,21.77
101,2025,161,1340,14,21.5,26.36,21.77
101,2025,161,1340,15,21.54,26.36,21.77
101,2025,161,1340,16,21.62,26.36,21.78
101,2025,161,1340,17,21.65,26.36,22.07
101,2025,161,1340,18,21.65,26.36,22.07
101,2025,161,1340,19,21.69,26.36,22.07
101,2025,161,1340,20,21.73,26.36,22.07
101,2025,161,1340,21,21.77,26.36,22.07
101,2025,161,1340,22,21.8,26.36,22.07
101,2025,161,1340,23,21.88,26.36,22.08
101,2025,161,1340,24,21.92,26.37,22.22
101,2025,161,1340,25,21.95,26.37,22.37
101,2025,161,1340,26,21.95,26.37,22.37
101,2025,161,1340,27,21.99,26.36,22.37
101,2025,161,1340,28,21.99,26.36,22.37
101,2025,161,1340,29,22.07,26.37,22.37
101,2025,161,1340,30,22.1,26.37,22.37
101,2025,161,1340,31,22.18,26.37,22.37
101,2025,161,1340,32,22.18,26.37,22.37
101,2025,161,1340,33,22.25,26.37,22.38
101,2025,161,1340,34,22.25,26.37,22.67
101,2025,161,1340,35,22.25,26.37,22.67
101,2025,161,1340,36,22.25,26.37,22.67
101,2025,161,1340,37,22.25,26.52,22.67
101,2025,161,1340,38,22.33,26.52,22.67
101,2025,161,1340,39,22.33,26.66,22.67
101,2025,161,1340,40,22.36,26.66,22.67
101,2025,161,1340,41,22.36,26.67,22.67
101,2025,161,1340,42,22.4,26.67,22.67
101,2025,161,1340,43,22.4,26.67,22.67
101,2025,161,1340,44,22.44,26.67,22.67
101,2025,161,1340,45,22.48,26.67,22.68
101,2025,161,1340,46,22.51,26.67,22.68
101,2025,161,1340,47,22.51,26.67,22.97
101,2025,161,1340,48,22.55,26.67,22.97
101,2025,161,1340,49,22.55,26.66,22.97
101,2025,161,1340,50,22.59,26.52,22.97
101,2025,161,1340,51,22.63,26.37,22.97
101,2025,161,1340,52,22.63,26.37,22.97
101,2025,161,1340,53,22.63,26.37,22.97
101,2025,161,1340,54,22.7,26.37,22.97
101,2025,161,1340,55,22.74,26.37,22.97
101,2025,161,1340,56,22.78,26.37,22.97
101,2025,161,1340,57,22.81,26.37,22.97
101,2025,161,1340,58,22.85,26.37,22.97
101,2025,161,1340,59,22.85,26.37,22.97
101,2025,161,1341,0,22.85,26.37,22.97
101,2025,161,1341,1,22.85,26.37,23.12
101,2025,161,1341,2,22.89,26.37,23.12
101,2025,161,1341,3,22.89,26.37,23.13
101,2025,161,1341,4,22.93,26.37,23.27
101,2025,161,1341,5,22.93,26.37,23.27
101,2025,161,1341,6,22.96,26.37,23.27
101,2025,161,1341,7,23,26.37,23.27
101,2025,161,1341,8,23.04,26.37,23.27
101,2025,161,1341,9,23.04,26.37,23.27
101,2025,161,1341,10,23.08,26.37,23.27
101,2025,161,1341,11,23.12,26.37,23.27
101,2025,161,1341,12,23.12,26.37,23.27
101,2025,161,1341,13,23.15,26.37,23.27
101,2025,161,1341,14,23.15,26.37,23.27
101,2025,161,1341,15,23.15,26.37,23.27
101,2025,161,1341,16,23.15,26.37,23.27
101,2025,161,1341,17,23.15,26.37,23.27
101,2025,161,1341,18,23.19,26.37,23.27
101,2025,161,1341,19,23.23,26.37,23.28
101,2025,161,1341,20,23.3,26.37,23.28
101,2025,161,1341,21,23.34,26.52,23.43
101,2025,161,1341,22,23.38,26.37,23.57
101,2025,161,1341,23,23.41,26.37,23.57
101,2025,161,1341,24,23.41,26.37,23.57
101,2025,161,1341,25,23.45,26.66,23.57
101,2025,161,1341,26,23.45,26.66,23.57
101,2025,161,1341,27,23.45,26.66,23.57
101,2025,161,1341,28,23.45,26.52,23.57
101,2025,161,1341,29,23.49,26.66,23.57
101,2025,161,1341,30,23.49,26.66,23.57
101,2025,161,1341,31,23.57,26.52,23.57
101,2025,161,1341,32,23.57,26.66,23.57
101,2025,161,1341,33,23.57,26.66,23.58
101,2025,161,1341,34,23.6,26.67,23.58
101,2025,161,1341,35,23.6,26.67,23.72
101,2025,161,1341,36,23.6,26.67,23.58
101,2025,161,1341,37,23.6,26.67,23.58
101,2025,161,1341,38,23.68,26.67,23.72
101,2025,161,1341,39,23.72,26.67,23.86
101,2025,161,1341,40,23.72,26.67,23.86
101,2025,161,1341,41,23.75,26.67,23.86
101,2025,161,1341,42,23.75,26.67,23.86
101,2025,161,1341,43,23.75,26.67,23.86
101,2025,161,1341,44,23.75,26.67,23.86
101,2025,161,1341,45,23.79,26.67,23.86
101,2025,161,1341,46,23.83,26.67,23.86
101,2025,161,1341,47,23.86,26.81,23.86
101,2025,161,1341,48,23.86,26.81,23.86
101,2025,161,1341,49,23.9,26.96,23.86
101,2025,161,1341,50,23.98,26.96,23.87
101,2025,161,1341,51,24.05,26.97,23.87
101,2025,161,1341,52,24.02,26.97,23.88
101,2025,161,1341,53,24.02,26.97,24.02
101,2025,161,1341,54,24.05,26.97,24.17
101,2025,161,1341,55,24.05,26.97,24.17
101,2025,161,1341,56,24.09,26.97,24.17
101,2025,161,1341,57,24.13,26.97,24.17
101,2025,161,1341,58,24.13,26.97,24.17
101,2025,161,1341,59,24.17,26.97,24.17
101,2025,161,1342,0,24.21,27.26,24.17
101,2025,161,1342,1,24.21,27.27,24.17
101,2025,161,1342,2,24.28,27.27,24.17
101,2025,161,1342,3,24.28,27.28,24.18
101,2025,161,1342,4,24.36,27.28,24.32
101,2025,161,1342,5,24.36,27.28,24.47
101,2025,161,1342,6,24.4,27.28,24.47
101,2025,161,1342,7,24.4,27.28,24.47
101,2025,161,1342,8,24.43,27.57,24.47
101,2025,161,1342,9,24.47,27.57,24.47
101,2025,161,1342,10,24.51,27.57,24.47
101,2025,161,1342,11,24.51,27.58,24.47
101,2025,161,1342,12,24.58,27.58,24.47
101,2025,161,1342,13,24.58,27.58,24.47
101,2025,161,1342,14,24.66,27.58,24.47
101,2025,161,1342,15,24.66,27.58,24.77
101,2025,161,1342,16,24.66,27.58,24.77
101,2025,161,1342,17,24.7,27.58,24.77
101,2025,161,1342,18,24.7,27.58,24.77
101,2025,161,1342,19,24.77,27.58,24.77
101,2025,161,1342,20,24.77,27.74,24.77
101,2025,161,1342,21,24.81,27.88,24.77
101,2025,161,1342,22,24.81,27.89,24.77
101,2025,161,1342,23,24.85,27.89,24.77
101,2025,161,1342,24,24.89,27.89,24.91
101,2025,161,1342,25,24.92,27.89,24.93
101,2025,161,1342,26,24.92,27.89,25.07
101,2025,161,1342,27,24.96,27.89,25.07
101,2025,161,1342,28,24.96,27.89,25.07
101,2025,161,1342,29,24.96,27.88,25.07
101,2025,161,1342,30,25,27.88,25.07
101,2025,161,1342,31,25.04,27.88,25.07
101,2025,161,1342,32,25.04,28.03,25.07
101,2025,161,1342,33,25.15,28.18,25.07
101,2025,161,1342,34,25.19,28.18,25.07
101,2025,161,1342,35,25.22,28.18,25.07
101,2025,161,1342,36,25.26,28.18,25.07
101,2025,161,1342,37,25.26,28.18,25.08
101,2025,161,1342,38,25.26,28.18,25.08
101,2025,161,1342,39,25.26,28.19,25.23
101,2025,161,1342,40,25.34,28.18,25.37
101,2025,161,1342,41,25.34,28.19,25.37
101,2025,161,1342,42,25.34,28.19,25.37
101,2025,161,1342,43,25.34,28.19,25.37
101,2025,161,1342,44,25.38,28.19,25.37
101,2025,161,1342,45,25.42,28.19,25.37
101,2025,161,1342,46,25.49,28.19,25.37
101,2025,161,1342,47,25.49,28.19,25.37
101,2025,161,1342,48,25.53,28.19,25.38
101,2025,161,1342,49,25.57,28.19,25.53
101,2025,161,1342,50,25.57,28.19,25.53
101,2025,161,1342,51,25.57,28.19,25.67
101,2025,161,1342,52,25.57,28.19,25.67
101,2025,161,1342,53,25.57,28.19,25.67
101,2025,161,1342,54,25.64,28.19,25.67
101,2025,161,1342,55,25.64,28.19,25.67
101,2025,161,1342,56,25.68,28.19,25.67
101,2025,161,1342,57,25.72,28.19,25.67
101,2025,161,1342,58,25.75,28.19,25.67
101,2025,161,1342,59,25.79,28.19,25.67
101,2025,161,1343,0,25.83,28.19,25.67
101,2025,161,1343,1,25.79,28.19,25.67
101,2025,161,1343,2,25.83,28.19,25.67
101,2025,161,1343,3,25.87,28.48,25.67
101,2025,161,1343,4,25.87,28.34,25.67
101,2025,161,1343,5,25.87,28.34,25.83
101,2025,161,1343,6,25.91,28.19,25.98
101,2025,161,1343,7,25.91,28.34,25.98
101,2025,161,1343,8,25.91,28.48,25.98
101,2025,161,1343,9,25.95,28.34,25.98
101,2025,161,1343,10,25.99,28.48,25.98
101,2025,161,1343,11,25.99,28.34,25.98
101,2025,161,1343,12,25.99,28.48,25.98
101,2025,161,1343,13,26.02,28.48,25.98
101,2025,161,1343,14,26.02,28.48,25.98
101,2025,161,1343,15,26.02,28.34,25.98
101,2025,161,1343,16,26.02,28.19,25.98
101,2025,161,1343,17,26.02,28.19,25.98
101,2025,161,1343,18,26.02,28.19,25.98
101,2025,161,1343,19,26.02,28.19,25.98
101,2025,161,1343,20,26.06,28.19,25.98
101,2025,161,1343,21,26.02,28.19,25.97
101,2025,161,1343,22,26.02,28.19,25.98
101,2025,161,1343,23,26.02,28.19,25.97
101,2025,161,1343,24,26.02,28.19,25.98
101,2025,161,1343,25,26.02,28.19,25.97
101,2025,161,1343,26,26.02,28.18,25.97
101,2025,161,1343,27,26.02,28.18,25.97
101,2025,161,1343,28,26.02,28.17,25.97
101,2025,161,1343,29,26.02,28.17,25.97
101,2025,161,1343,30,26.02,28.17,25.97
101,2025,161,1343,31,26.02,28.03,25.97
101,2025,161,1343,32,26.02,27.88,25.97
101,2025,161,1343,33,26.02,27.88,25.97
101,2025,161,1343,34,26.02,27.88,25.97
101,2025,161,1343,35,26.02,27.88,25.97
101,2025,161,1343,36,26.02,27.88,25.97
101,2025,161,1343,37,26.02,27.88,25.97
101,2025,161,1343,38,26.02,27.88,25.97
101,2025,161,1343,39,25.99,27.88,25.97
101,2025,161,1343,40,25.99,27.88,25.97
101,2025,161,1343,41,25.99,27.87,25.97
101,2025,161,1343,42,25.99,27.87,25.97
101,2025,161,1343,43,25.99,27.86,25.97
101,2025,161,1343,44,25.95,27.72,25.97
101,2025,161,1343,45,25.95,27.57,25.97
101,2025,161,1343,46,25.91,27.58,25.97
101,2025,161,1343,47,25.95,27.58,25.97
101,2025,161,1343,48,25.91,27.57,25.83
101,2025,161,1343,49,25.91,27.57,25.81
101,2025,161,1343,50,25.91,27.57,25.81
101,2025,161,1343,51,25.91,27.57,25.67
101,2025,161,1343,52,25.91,27.57,25.67
101,2025,161,1343,53,25.91,27.57,25.67
101,2025,161,1343,54,25.91,27.57,25.67
101,2025,161,1343,55,25.91,27.57,25.67
101,2025,161,1343,56,25.87,27.57,25.67
101,2025,161,1343,57,25.87,27.56,25.67
101,2025,161,1343,58,25.87,27.41,25.67
101,2025,161,1343,59,25.87,27.41,25.67
101,2025,161,1344,0,25.87,27.27,25.67
101,2025,161,1344,1,25.87,27.27,25.67
101,2025,161,1344,2,25.87,27.27,25.67
101,2025,161,1344,3,25.87,27.27,25.67
101,2025,161,1344,4,25.87,27.27,25.67
101,2025,161,1344,5,25.83,27.27,25.67
101,2025,161,1344,6,25.87,27.27,25.67
101,2025,161,1344,7,25.87,27.26,25.67
101,2025,161,1344,8,25.79,27.26,25.67
101,2025,161,1344,9,25.83,27.26,25.67
101,2025,161,1344,10,25.83,26.96,25.67
101,2025,161,1344,11,25.83,26.96,25.67
101,2025,161,1344,12,25.79,26.96,25.67
101,2025,161,1344,13,25.79,26.97,25.68
101,2025,161,1344,14,25.83,26.97,25.68
101,2025,161,1344,15,25.72,26.97,25.68
101,2025,161,1344,16,25.75,26.97,25.68
101,2025,161,1344,17,25.72,26.97,25.53
101,2025,161,1344,18,25.75,26.96,25.53
101,2025,161,1344,19,25.72,26.96,25.53
101,2025,161,1344,20,25.68,26.95,25.53
101,2025,161,1344,21,25.68,26.66,25.53
101,2025,161,1344,22,25.72,26.66,25.39
101,2025,161,1344,23,25.64,26.66,25.53
101,2025,161,1344,24,25.64,26.66,25.38
101,2025,161,1344,25,25.64,26.66,25.38
101,2025,161,1344,26,25.64,26.66,25.37
101,2025,161,1344,27,25.68,26.66,25.37
101,2025,161,1344,28,25.64,26.66,25.37
101,2025,161,1344,29,25.64,26.66,25.37
101,2025,161,1344,30,25.61,26.66,25.37
101,2025,161,1344,31,25.57,26.66,25.37
101,2025,161,1344,32,25.57,26.65,25.37
101,2025,161,1344,33,25.57,26.51,25.37
101,2025,161,1344,34,25.57,26.36,25.37
101,2025,161,1344,35,25.61,26.36,25.37
101,2025,161,1344,36,25.57,26.36,25.37
101,2025,161,1344,37,25.57,26.36,25.37
101,2025,161,1344,38,25.57,26.36,25.37
101,2025,161,1344,39,25.57,26.36,25.37
101,2025,161,1344,40,25.57,26.36,25.37
101,2025,161,1344,41,25.57,26.36,25.37
101,2025,161,1344,42,25.57,26.36,25.37
101,2025,161,1344,43,25.57,26.35,25.37
101,2025,161,1344,44,25.57,26.35,25.37
101,2025,161,1344,45,25.57,26.35,25.37
101,2025,161,1344,46,25.57,26.34,25.37
101,2025,161,1344,47,25.57,26.05,25.37
101,2025,161,1344,48,25.57,26.2,25.37
101,2025,161,1344,49,25.57,26.05,25.37
101,2025,161,1344,50,25.57,26.05,25.37
101,2025,161,1344,51,25.57,26.05,25.37
101,2025,161,1344,52,25.53,26.05,25.37
101,2025,161,1344,53,25.53,26.05,25.23
101,2025,161,1344,54,25.53,26.05,25.37
101,2025,161,1344,55,25.53,26.05,25.37
101,2025,161,1344,56,25.53,26.05,25.23
101,2025,161,1344,57,25.49,26.05,25.08
101,2025,161,1344,58,25.49,26.04,25.08
101,2025,161,1344,59,25.49,26.04,25.08
101,2025,161,1345,0,25.49,25.89,25.08
101,2025,161,1345,1,25.49,25.75,25.08
101,2025,161,1345,2,25.49,25.75,25.08
101,2025,161,1345,3,25.49,25.75,25.08
101,2025,161,1345,4,25.49,25.75,25.08
101,2025,161,1345,5,25.49,25.74,25.07
101,2025,161,1345,6,25.49,25.74,25.07
101,2025,161,1345,7,25.45,25.74,25.07
101,2025,161,1345,8,25.42,25.74,25.07
101,2025,161,1345,9,25.42,25.74,25.07
101,2025,161,1345,10,25.42,25.74,25.07
101,2025,161,1345,11,25.42,25.74,25.07
101,2025,161,1345,12,25.38,25.73,25.07
101,2025,161,1345,13,25.38,25.73,25.07
101,2025,161,1345,14,25.38,25.59,25.07
101,2025,161,1345,15,25.38,25.59,25.07
101,2025,161,1345,16,25.38,25.44,25.07
101,2025,161,1345,17,25.38,25.44,25.07
101,2025,161,1345,18,25.38,25.44,25.07
101,2025,161,1345,19,25.34,25.44,25.07
101,2025,161,1345,20,25.38,25.44,25.07
101,2025,161,1345,21,25.34,25.44,25.07
101,2025,161,1345,22,25.34,25.44,25.07
101,2025,161,1345,23,25.34,25.44,25.07
101,2025,161,1345,24,25.3,25.43,25.07
101,2025,161,1345,25,25.3,25.43,25.07
101,2025,161,1345,26,25.3,25.43,25.07
101,2025,161,1345,27,25.3,25.43,25.07
101,2025,161,1345,28,25.3,25.14,25.07
101,2025,161,1345,29,25.3,25.14,25.07
101,2025,161,1345,30,25.3,25.14,25.07
101,2025,161,1345,31,25.3,25.14,25.07
101,2025,161,1345,32,25.3,25.14,25.07
101,2025,161,1345,33,25.26,25.14,25.07
101,2025,161,1345,34,25.26,25.14,25.07
101,2025,161,1345,35,25.26,25.14,25.07
101,2025,161,1345,36,25.26,25.14,25.07
101,2025,161,1345,37,25.26,25.14,25.07
101,2025,161,1345,38,25.26,25.14,25.07
101,2025,161,1345,39,25.26,25.14,25.07
101,2025,161,1345,40,25.26,25.14,25.07
101,2025,161,1345,41,25.26,25.13,25.07
101,2025,161,1345,42,25.26,25.13,25.07
101,2025,161,1345,43,25.26,25.13,25.07
101,2025,161,1345,44,25.26,25.13,25.07
101,2025,161,1345,45,25.26,25.13,25.07
101,2025,161,1345,46,25.26,25.12,25.07
101,2025,161,1345,47,25.26,24.83,25.07
101,2025,161,1345,48,25.23,24.98,25.07
101,2025,161,1345,49,25.22,24.98,25.07
101,2025,161,1345,50,25.22,24.98,25.07
101,2025,161,1345,51,25.19,24.98,25.07
101,2025,161,1345,52,25.22,24.98,25.07
101,2025,161,1345,53,25.22,24.83,25.07
101,2025,161,1345,54,25.19,24.83,25.07
101,2025,161,1345,55,25.19,24.83,25.07
101,2025,161,1345,56,25.19,24.83,24.92
101,2025,161,1345,57,25.19,24.84,25.07
101,2025,161,1345,58,25.19,24.84,25.07
101,2025,161,1345,59,25.15,24.84,24.93
101,2025,161,1346,0,25.11,24.84,24.93
101,2025,161,1346,1,25.11,24.84,24.92
101,2025,161,1346,2,25.07,24.83,24.92
101,2025,161,1346,3,25.11,24.83,24.92
101,2025,161,1346,4,25.04,24.83,24.92
101,2025,161,1346,5,25.07,24.83,24.91
101,2025,161,1346,6,25.04,24.69,24.92
101,2025,161,1346,7,25.04,24.69,24.78
101,2025,161,1346,8,25.04,24.54,24.92
101,2025,161,1346,9,25.04,24.54,24.91
101,2025,161,1346,10,25.04,24.54,24.91
101,2025,161,1346,11,25.04,24.54,24.91
101,2025,161,1346,12,25.04,24.54,24.77
101,2025,161,1346,13,25,24.54,24.91
101,2025,161,1346,14,24.96,24.54,24.91
101,2025,161,1346,15,24.96,24.54,24.91
101,2025,161,1346,16,24.96,24.54,24.91
101,2025,161,1346,17,24.96,24.54,24.91
101,2025,161,1346,18,24.96,24.54,24.91
101,2025,161,1346,19,24.96,24.54,24.91
101,2025,161,1346,20,24.96,24.54,24.91
101,2025,161,1346,21,24.96,24.54,24.77
101,2025,161,1346,22,24.96,24.54,24.77
101,2025,161,1346,23,24.96,24.53,24.77
101,2025,161,1346,24,24.96,24.53,24.77
101,2025,161,1346,25,24.96,24.52,24.78
101,2025,161,1346,26,24.96,24.52,24.77
101,2025,161,1346,27,24.96,24.23,24.77
101,2025,161,1346,28,24.96,24.23,24.77
101,2025,161,1346,29,24.96,24.23,24.77
101,2025,161,1346,30,24.96,24.23,24.77
101,2025,161,1346,31,24.96,24.23,24.77
101,2025,161,1346,32,24.96,24.23,24.77
101,2025,161,1346,33,24.96,24.23,24.77
101,2025,161,1346,34,24.92,24.23,24.77
101,2025,161,1346,35,24.92,24.23,24.77
101,2025,161,1346,36,24.92,24.23,24.77
101,2025,161,1346,37,24.92,24.23,24.77
101,2025,161,1346,38,24.92,24.23,24.77
101,2025,161,1346,39,24.92,24.23,24.77
101,2025,161,1346,40,24.92,24.23,24.77
101,2025,161,1346,41,24.92,24.23,24.77
101,2025,161,1346,42,24.92,24.23,24.77
101,2025,161,1346,43,24.92,24.23,24.77
101,2025,161,1346,44,24.92,24.23,24.77
101,2025,161,1346,45,24.89,24.23,24.77
101,2025,161,1346,46,24.85,24.23,24.77
101,2025,161,1346,47,24.85,24.23,24.77
101,2025,161,1346,48,24.85,24.23,24.77
101,2025,161,1346,49,24.85,24.23,24.76
101,2025,161,1346,50,24.85,24.23,24.76
101,2025,161,1346,51,24.85,24.08,24.76
101,2025,161,1346,52,24.85,24.08,24.76
101,2025,161,1346,53,24.81,23.93,24.76
101,2025,161,1346,54,24.81,23.93,24.76
101,2025,161,1346,55,24.81,23.93,24.76
101,2025,161,1346,56,24.81,23.93,24.76
101,2025,161,1346,57,24.81,23.93,24.76
101,2025,161,1346,58,24.81,23.93,24.76
101,2025,161,1346,59,24.77,23.93,24.76
101,2025,161,1347,0,24.81,23.93,24.76
101,2025,161,1347,1,24.77,23.93,24.76
101,2025,161,1347,2,24.77,23.93,24.76
101,2025,161,1347,3,24.77,23.93,24.76
101,2025,161,1347,4,24.77,23.93,24.76
101,2025,161,1347,5,24.77,23.93,24.76
101,2025,161,1347,6,24.77,23.93,24.76
101,2025,161,1347,7,24.77,23.93,24.76
101,2025,161,1347,8,24.77,23.93,24.76
101,2025,161,1347,9,24.77,23.93,24.76
101,2025,161,1347,10,24.77,23.93,24.76
101,2025,161,1347,11,24.73,23.93,24.76
101,2025,161,1347,12,24.73,23.93,24.76
101,2025,161,1347,13,24.7,23.93,24.76
101,2025,161,1347,14,24.74,23.93,24.76
101,2025,161,1347,15,24.7,23.92,24.76
101,2025,161,1347,16,24.7,23.93,24.76
101,2025,161,1347,17,24.7,23.93,24.76
101,2025,161,1347,18,24.7,23.92,24.76
101,2025,161,1347,19,24.7,23.92,24.76
101,2025,161,1347,20,24.7,23.92,24.62
101,2025,161,1347,21,24.7,23.91,24.76
101,2025,161,1347,22,24.7,23.77,24.62
101,2025,161,1347,23,24.7,23.91,24.62
101,2025,161,1347,24,24.7,23.78,24.62
101,2025,161,1347,25,24.7,23.77,24.48
101,2025,161,1347,26,24.7,23.77,24.61
101,2025,161,1347,27,24.7,23.62,24.47
101,2025,161,1347,28,24.66,23.62,24.47
101,2025,161,1347,29,24.66,23.77,24.61
101,2025,161,1347,30,24.66,23.62,24.61
101,2025,161,1347,31,24.66,23.62,24.47
101,2025,161,1347,32,24.66,23.77,24.47
101,2025,161,1347,33,24.66,23.77,24.61
101,2025,161,1347,34,24.66,23.62,24.61
101,2025,161,1347,35,24.66,23.77,24.46
101,2025,161,1347,36,24.66,23.62,24.46
101,2025,161,1347,37,24.66,23.62,24.46
101,2025,161,1347,38,24.62,23.62,24.46
101,2025,161,1347,39,24.66,23.62,24.46
101,2025,161,1347,40,24.66,23.62,24.46
101,2025,161,1347,41,24.62,23.62,24.46
101,2025,161,1347,42,24.66,23.62,24.46
101,2025,161,1347,43,24.66,23.62,24.46
101,2025,161,1347,44,24.62,23.62,24.46
101,2025,161,1347,45,24.62,23.62,24.46
101,2025,161,1347,46,24.62,23.62,24.46
101,2025,161,1347,47,24.66,23.62,24.46
101,2025,161,1347,48,24.62,23.62,24.46
101,2025,161,1347,49,24.62,23.62,24.46
101,2025,161,1347,50,24.58,23.62,24.46
101,2025,161,1347,51,24.58,23.62,24.46
101,2025,161,1347,52,24.62,23.62,24.46
101,2025,161,1347,53,24.58,23.62,24.46
101,2025,161,1347,54,24.58,23.61,24.46
101,2025,161,1347,55,24.55,23.61,24.46
101,2025,161,1347,56,24.55,23.61,24.46
101,2025,161,1347,57,24.55,23.61,24.46
101,2025,161,1347,58,24.55,23.61,24.46
101,2025,161,1347,59,24.55,23.61,24.46
101,2025,161,1348,0,24.55,23.61,24.46
101,2025,161,1348,1,24.51,23.61,24.46
101,2025,161,1348,2,24.55,23.61,24.46
101,2025,161,1348,3,24.51,23.46,24.46
101,2025,161,1348,4,24.54,23.46,24.46
101,2025,161,1348,5,24.51,23.61,24.46
101,2025,161,1348,6,24.51,23.46,24.46
101,2025,161,1348,7,24.51,23.46,24.46
101,2025,161,1348,8,24.47,23.46,24.46
101,2025,161,1348,9,24.47,23.46,24.46
101,2025,161,1348,10,24.47,23.32,24.46
101,2025,161,1348,11,24.47,23.46,24.46
101,2025,161,1348,12,24.47,23.32,24.46
101,2025,161,1348,13,24.47,23.32,24.46
101,2025,161,1348,14,24.47,23.32,24.46
101,2025,161,1348,15,24.47,23.32,24.46
101,2025,161,1348,16,24.47,23.32,24.46
101,2025,161,1348,17,24.43,23.32,24.46
101,2025,161,1348,18,24.47,23.32,24.46
101,2025,161,1348,19,24.43,23.32,24.46
101,2025,161,1348,20,24.43,23.32,24.46
101,2025,161,1348,21,24.4,23.32,24.46
101,2025,161,1348,22,24.43,23.32,24.46
101,2025,161,1348,23,24.4,23.32,24.46
101,2025,161,1348,24,24.43,23.32,24.46
101,2025,161,1348,25,24.4,23.32,24.46
101,2025,161,1348,26,24.4,23.32,24.46
101,2025,161,1348,27,24.4,23.32,24.46
101,2025,161,1348,28,24.4,23.32,24.46
101,2025,161,1348,29,24.4,23.32,24.46
101,2025,161,1348,30,24.4,23.32,24.46
101,2025,161,1348,31,24.4,23.32,24.46
101,2025,161,1348,32,24.4,23.32,24.46
101,2025,161,1348,33,24.4,23.33,24.46
101,2025,161,1348,34,24.4,23.33,24.46
101,2025,161,1348,35,24.4,23.33,24.46
101,2025,161,1348,36,24.4,23.33,24.46
101,2025,161,1348,37,24.4,23.33,24.46
101,2025,161,1348,38,24.4,23.33,24.46
101,2025,161,1348,39,24.36,23.33,24.46
101,2025,161,1348,40,24.4,23.33,24.46
101,2025,161,1348,41,24.36,23.33,24.46
101,2025,161,1348,42,24.4,23.33,24.46
101,2025,161,1348,43,24.36,23.33,24.46
101,2025,161,1348,44,24.4,23.33,24.46
101,2025,161,1348,45,24.36,23.32,24.46
101,2025,161,1348,46,24.36,23.32,24.46
101,2025,161,1348,47,24.36,23.32,24.46
101,2025,161,1348,48,24.36,23.32,24.46
101,2025,161,1348,49,24.36,23.32,24.46
101,2025,161,1348,50,24.36,23.32,24.46
101,2025,161,1348,51,24.36,23.31,24.46
101,2025,161,1348,52,24.36,23.32,24.46
101,2025,161,1348,53,24.36,23.32,24.46
101,2025,161,1348,54,24.36,23.31,24.46
101,2025,161,1348,55,24.36,23.31,24.46
101,2025,161,1348,56,24.36,23.31,24.46
101,2025,161,1348,57,24.36,23.31,24.46
101,2025,161,1348,58,24.36,23.17,24.46
101,2025,161,1348,59,24.32,23.17,24.46
101,2025,161,1349,0,24.32,23.17,24.46
101,2025,161,1349,1,24.32,23.17,24.46
101,2025,161,1349,2,24.32,23.17,24.46
101,2025,161,1349,3,24.32,23.17,24.46
101,2025,161,1349,4,24.32,23.17,24.46
101,2025,161,1349,5,24.28,23.17,24.46
101,2025,161,1349,6,24.32,23.02,24.46
101,2025,161,1349,7,24.28,23.17,24.46
101,2025,161,1349,8,24.28,23.17,24.46
101,2025,161,1349,9,24.28,23.17,24.46
101,2025,161,1349,10,24.28,23.17,24.46
101,2025,161,1349,11,24.28,23.17,24.46
101,2025,161,1349,12,24.32,23.17,24.46
101,2025,161,1349,13,24.28,23.17,24.46
101,2025,161,1349,14,24.28,23.17,24.46
101,2025,161,1349,15,24.24,23.02,24.46
101,2025,161,1349,16,24.28,23.17,24.46
101,2025,161,1349,17,24.28,23.02,24.46
101,2025,161,1349,18,24.28,23.17,24.46
101,2025,161,1349,19,24.24,23.02,24.46
101,2025,161,1349,20,24.24,23.02,24.46
101,2025,161,1349,21,24.24,23.02,24.46
101,2025,161,1349,22,24.21,23.02,24.46
101,2025,161,1349,23,24.17,23.02,24.46
101,2025,161,1349,24,24.21,23.02,24.46
101,2025,161,1349,25,24.21,23.02,24.46
101,2025,161,1349,26,24.21,23.02,24.46
101,2025,161,1349,27,24.17,23.02,24.46
101,2025,161,1349,28,24.17,23.02,24.46
101,2025,161,1349,29,24.21,23.02,24.46
101,2025,161,1349,30,24.17,23.02,24.46
101,2025,161,1349,31,24.17,23.02,24.46
101,2025,161,1349,32,24.17,23.02,24.46
101,2025,161,1349,33,24.17,23.02,24.32
101,2025,161,1349,34,24.17,23.02,24.46
101,2025,161,1349,35,24.13,23.02,24.46
101,2025,161,1349,36,24.17,23.02,24.46
101,2025,161,1349,37,24.13,23.02,24.46
101,2025,161,1349,38,24.13,23.02,24.32
101,2025,161,1349,39,24.13,23.02,24.32
101,2025,161,1349,40,24.13,23.02,24.32
101,2025,161,1349,41,24.13,23.02,24.32
101,2025,161,1349,42,24.13,23.02,24.32
101,2025,161,1349,43,24.13,23.02,24.32
101,2025,161,1349,44,24.13,23.02,24.32
101,2025,161,1349,45,24.13,23.02,24.17
101,2025,161,1349,46,24.13,23.02,24.32
101,2025,161,1349,47,24.09,23.02,24.17
101,2025,161,1349,48,24.09,23.02,24.32
101,2025,161,1349,49,24.13,23.02,24.32
101,2025,161,1349,50,24.13,23.02,24.17
101,2025,161,1349,51,24.13,23.02,24.32
101,2025,161,1349,52,24.09,23.02,24.32
101,2025,161,1349,53,24.09,23.02,24.17
101,2025,161,1349,54,24.09,23.02,24.17
101,2025,161,1349,55,24.09,23.02,24.17
101,2025,161,1349,56,24.09,23.02,24.17
101,2025,161,1349,57,24.09,23.02,24.17
101,2025,161,1349,58,24.09,23.02,24.17
101,2025,161,1349,59,24.09,23.02,24.17
101,2025,161,1350,0,24.05,23.02,24.17
101,2025,161,1350,1,24.09,23.02,24.17
101,2025,161,1350,2,24.05,23.02,24.17
101,2025,161,1350,3,24.05,23.02,24.17
101,2025,161,1350,4,24.05,23.02,24.17
101,2025,161,1350,5,24.09,23.01,24.17
101,2025,161,1350,6,24.05,23.02,24.17
101,2025,161,1350,7,24.05,23.02,24.17
101,2025,161,1350,8,24.05,23.01,24.17
101,2025,161,1350,9,24.05,23.01,24.17
101,2025,161,1350,10,24.05,23.01,24.17
101,2025,161,1350,11,24.05,23.01,24.17
101,2025,161,1350,12,24.02,23.01,24.17
101,2025,161,1350,13,24.05,23.01,24.17
101,2025,161,1350,14,24.05,23.01,24.17
101,2025,161,1350,15,24.05,23.01,24.17
101,2025,161,1350,16,24.05,23.01,24.17
101,2025,161,1350,17,24.05,23.01,24.16
101,2025,161,1350,18,24.05,23.01,24.16
101,2025,161,1350,19,24.02,23.01,24.16
101,2025,161,1350,20,24.02,23,24.16
101,2025,161,1350,21,24.05,22.86,24.16
101,2025,161,1350,22,24.02,23.01,24.16
101,2025,161,1350,23,24.02,23.01,24.16
101,2025,161,1350,24,24.02,22.87,24.16
101,2025,161,1350,25,24.02,22.72,24.16
101,2025,161,1350,26,24.02,22.72,24.16
101,2025,161,1350,27,24.02,22.72,24.16
101,2025,161,1350,28,24.02,22.72,24.16
101,2025,161,1350,29,24.02,22.72,24.16
101,2025,161,1350,30,24.02,22.72,24.16
101,2025,161,1350,31,24.02,22.72,24.16
101,2025,161,1350,32,24.02,22.72,24.16
101,2025,161,1350,33,24.02,22.72,24.16
101,2025,161,1350,34,24.02,22.72,24.16
101,2025,161,1350,35,24.02,22.72,24.16
101,2025,161,1350,36,24.02,22.72,24.16
101,2025,161,1350,37,24.02,22.72,24.16
101,2025,161,1350,38,24.02,22.72,24.16
101,2025,161,1350,39,24.02,22.72,24.16
101,2025,161,1350,40,24.02,22.72,24.16
101,2025,161,1350,41,24.02,22.72,24.16
101,2025,161,1350,42,24.02,22.72,24.16
101,2025,161,1350,43,24.02,22.72,24.16
101,2025,161,1350,44,24.05,22.72,24.16
101,2025,161,1350,45,23.94,22.72,24.16
101,2025,161,1350,46,23.98,22.72,24.16
101,2025,161,1350,47,23.98,22.72,24.16
101,2025,161,1350,48,24.02,22.72,24.16
101,2025,161,1350,49,23.94,22.72,24.16
101,2025,161,1350,50,23.98,22.72,24.16
101,2025,161,1350,51,23.98,22.72,24.16
101,2025,161,1350,52,23.94,22.72,24.16
101,2025,161,1350,53,23.94,22.72,24.16
101,2025,161,1350,54,23.98,22.72,24.16
101,2025,161,1350,55,23.94,22.72,24.16
101,2025,161,1350,56,23.94,22.72,24.16
101,2025,161,1350,57,23.94,22.72,24.16
101,2025,161,1350,58,23.9,22.72,24.16
101,2025,161,1350,59,23.94,22.72,24.16
101,2025,161,1351,0,23.94,22.72,24.16
101,2025,161,1351,1,23.9,22.72,24.16
101,2025,161,1351,2,23.86,22.72,24.16
101,2025,161,1351,3,23.9,22.72,24.16
101,2025,161,1351,4,23.94,22.72,24.16
101,2025,161,1351,5,23.9,22.72,24.16
101,2025,161,1351,6,23.9,22.72,24.16
101,2025,161,1351,7,23.86,22.72,24.16
101,2025,161,1351,8,23.9,22.72,24.16
101,2025,161,1351,9,23.87,22.72,24.16
101,2025,161,1351,10,23.87,22.72,24.16
101,2025,161,1351,11,23.86,22.72,24.16
101,2025,161,1351,12,23.87,22.72,24.16
101,2025,161,1351,13,23.87,22.72,24.16
101,2025,161,1351,14,23.86,22.72,24.16
101,2025,161,1351,15,23.83,22.72,24.17
101,2025,161,1351,16,23.83,22.72,24.16
101,2025,161,1351,17,23.87,22.72,24.16
101,2025,161,1351,18,23.86,22.72,24.16
101,2025,161,1351,19,23.83,22.72,24.16
101,2025,161,1351,20,23.87,22.72,24.17
101,2025,161,1351,21,23.83,22.72,24.16
101,2025,161,1351,22,23.87,22.72,24.16
101,2025,161,1351,23,23.83,22.72,24.16
101,2025,161,1351,24,23.87,22.72,24.16
101,2025,161,1351,25,23.83,22.72,24.16
101,2025,161,1351,26,23.87,22.72,24.16
101,2025,161,1351,27,23.83,22.72,24.16
101,2025,161,1351,28,23.83,22.72,24.16
101,2025,161,1351,29,23.83,22.72,24.16
101,2025,161,1351,30,23.83,22.72,24.16
101,2025,161,1351,31,23.83,22.72,24.16
101,2025,161,1351,32,23.87,22.72,24.16
101,2025,161,1351,33,23.83,22.72,24.16
101,2025,161,1351,34,23.83,22.72,24.16
101,2025,161,1351,35,23.83,22.72,24.16
101,2025,161,1351,36,23.83,22.72,24.16
101,2025,161,1351,37,23.79,22.72,24.16
101,2025,161,1351,38,23.79,22.72,24.16
101,2025,161,1351,39,23.83,22.72,24.16
101,2025,161,1351,40,23.79,22.72,24.16
101,2025,161,1351,41,23.79,22.72,24.16
101,2025,161,1351,42,23.75,22.72,24.16
101,2025,161,1351,43,23.75,22.72,24.16
101,2025,161,1351,44,23.75,22.72,24.16
101,2025,161,1351,45,23.75,22.72,24.16
101,2025,161,1351,46,23.75,22.72,24.16
101,2025,161,1351,47,23.79,22.72,24.16
101,2025,161,1351,48,23.75,22.72,24.16
101,2025,161,1351,49,23.75,22.72,24.16
101,2025,161,1351,50,23.75,22.72,24.16
101,2025,161,1351,51,23.75,22.72,24.16
101,2025,161,1351,52,23.75,22.72,24.16
101,2025,161,1351,53,23.75,22.72,24.16
101,2025,161,1351,54,23.75,22.72,24.16
101,2025,161,1351,55,23.75,22.72,24.16
101,2025,161,1351,56,23.79,22.72,24.16
101,2025,161,1351,57,23.75,22.72,24.16
101,2025,161,1351,58,23.75,22.72,24.16
101,2025,161,1351,59,23.79,22.72,24.16
101,2025,161,1352,0,23.79,22.72,24.16
101,2025,161,1352,1,23.75,22.72,24.16
101,2025,161,1352,2,23.75,22.72,24.16
101,2025,161,1352,3,23.75,22.72,24.16
101,2025,161,1352,4,23.79,22.71,24.16
101,2025,161,1352,5,23.75,22.72,24.16
101,2025,161,1352,6,23.75,22.72,24.16
101,2025,161,1352,7,23.75,22.72,24.16
101,2025,161,1352,8,23.75,22.72,24.16
101,2025,161,1352,9,23.79,22.72,24.16
101,2025,161,1352,10,23.75,22.72,24.16
101,2025,161,1352,11,23.75,22.71,24.16
101,2025,161,1352,12,23.75,22.72,24.16
101,2025,161,1352,13,23.75,22.71,24.16
101,2025,161,1352,14,23.75,22.71,24.16
101,2025,161,1352,15,23.75,22.71,24.16
101,2025,161,1352,16,23.75,22.72,24.16
101,2025,161,1352,17,23.75,22.71,24.16
101,2025,161,1352,18,23.75,22.71,24.16
101,2025,161,1352,19,23.75,22.71,24.16
101,2025,161,1352,20,23.75,22.71,24.16
101,2025,161,1352,21,23.75,22.71,24.16
101,2025,161,1352,22,23.75,22.71,24.16
101,2025,161,1352,23,23.75,22.71,24.16
101,2025,161,1352,24,23.75,22.71,24.16
101,2025,161,1352,25,23.72,22.71,24.16
101,2025,161,1352,26,23.75,22.71,24.16
101,2025,161,1352,27,23.72,22.71,24.16
101,2025,161,1352,28,23.75,22.71,24.16
101,2025,161,1352,29,23.72,22.71,24.16
101,2025,161,1352,30,23.75,22.71,24.16
101,2025,161,1352,31,23.72,22.71,24.16
101,2025,161,1352,32,23.75,22.71,24.16
101,2025,161,1352,33,23.72,22.71,24.16
101,2025,161,1352,34,23.72,22.71,24.16
101,2025,161,1352,35,23.72,22.71,24.16
101,2025,161,1352,36,23.72,22.71,24.16
101,2025,161,1352,37,23.72,22.71,24.16
101,2025,161,1352,38,23.72,22.71,24.16
101,2025,161,1352,39,23.72,22.71,24.16
101,2025,161,1352,40,23.72,22.71,24.16
101,2025,161,1352,41,23.72,22.71,24.16
101,2025,161,1352,42,23.72,22.71,24.16
101,2025,161,1352,43,23.72,22.71,24.16
101,2025,161,1352,44,23.72,22.71,24.16
101,2025,161,1352,45,23.72,22.71,24.16
101,2025,161,1352,46,23.72,22.71,24.16
101,2025,161,1352,47,23.72,22.71,24.16
101,2025,161,1352,48,23.72,22.71,24.16
101,2025,161,1352,49,23.72,22.71,24.16
101,2025,161,1352,50,23.72,22.71,24.16
101,2025,161,1352,51,23.72,22.71,24.16
101,2025,161,1352,52,23.72,22.71,24.16
101,2025,161,1352,53,23.72,22.71,24.16
101,2025,161,1352,54,23.72,22.71,24.16
101,2025,161,1352,55,23.72,22.71,24.16
101,2025,161,1352,56,23.68,22.71,24.16
101,2025,161,1352,57,23.68,22.71,24.16
101,2025,161,1352,58,23.72,22.71,24.16
101,2025,161,1352,59,23.68,22.7,24.16
101,2025,161,1353,0,23.68,22.71,24.16
101,2025,161,1353,1,23.72,22.71,24.16
101,2025,161,1353,2,23.72,22.71,24.16
101,2025,161,1353,3,23.68,22.71,24.16
101,2025,161,1353,4,23.64,22.71,24.16
101,2025,161,1353,5,23.68,22.71,24.16
101,2025,161,1353,6,23.64,22.71,24.16
101,2025,161,1353,7,23.64,22.7,24.16
101,2025,161,1353,8,23.64,22.71,24.16
101,2025,161,1353,9,23.64,22.71,24.16
101,2025,161,1353,10,23.64,22.7,24.16
101,2025,161,1353,11,23.64,22.71,24.16
101,2025,161,1353,12,23.64,22.7,24.16
101,2025,161,1353,13,23.64,22.7,24.16
101,2025,161,1353,14,23.64,22.7,24.16
101,2025,161,1353,15,23.64,22.71,24.16
101,2025,161,1353,16,23.64,22.71,24.16
101,2025,161,1353,17,23.64,22.7,24.16
101,2025,161,1353,18,23.64,22.71,24.16
101,2025,161,1353,19,23.64,22.7,24.16
101,2025,161,1353,20,23.64,22.7,24.16
101,2025,161,1353,21,23.64,22.71,24.16
101,2025,161,1353,22,23.64,22.7,24.16
101,2025,161,1353,23,23.64,22.7,24.16
101,2025,161,1353,24,23.64,22.7,24.16
101,2025,161,1353,25,23.64,22.7,24.16
101,2025,161,1353,26,23.64,22.7,24.16
101,2025,161,1353,27,23.64,22.71,24.16
101,2025,161,1353,28,23.6,22.7,24.16
101,2025,161,1353,29,23.64,22.56,24.16
101,2025,161,1353,30,23.64,22.7,24.16
101,2025,161,1353,31,23.64,22.7,24.16
101,2025,161,1353,32,23.6,22.7,24.16
101,2025,161,1353,33,23.64,22.41,24.16
101,2025,161,1353,34,23.64,22.7,24.16
101,2025,161,1353,35,23.64,22.42,24.16
101,2025,161,1353,36,23.6,22.7,24.16
101,2025,161,1353,37,23.6,22.56,24.16
101,2025,161,1353,38,23.6,22.56,24.16
101,2025,161,1353,39,23.6,22.56,24.16
101,2025,161,1353,40,23.6,22.56,24.16
101,2025,161,1353,41,23.6,22.56,24.16
101,2025,161,1353,42,23.6,22.56,24.16
101,2025,161,1353,43,23.6,22.56,24.16
101,2025,161,1353,44,23.6,22.56,24.16
101,2025,161,1353,45,23.6,22.41,24.15
101,2025,161,1353,46,23.6,22.7,24.15
101,2025,161,1353,47,23.6,22.56,24.15
101,2025,161,1353,48,23.6,22.56,24.15
101,2025,161,1353,49,23.6,22.7,24.15
101,2025,161,1353,50,23.6,22.56,24.15
101,2025,161,1353,51,23.6,22.41,24.15
101,2025,161,1353,52,23.6,22.41,24.15
101,2025,161,1353,53,23.6,22.56,24.15
101,2025,161,1353,54,23.6,22.56,24.15
101,2025,161,1353,55,23.6,22.41,24.15
101,2025,161,1353,56,23.6,22.56,24.15
101,2025,161,1353,57,23.6,22.56,24.15
101,2025,161,1353,58,23.6,22.7,24.15
101,2025,161,1353,59,23.6,22.56,24.15
101,2025,161,1354,0,23.6,22.56,24.15
101,2025,161,1354,1,23.6,22.41,24.15
101,2025,161,1354,2,23.6,22.41,24.15
101,2025,161,1354,3,23.6,22.56,24.15
101,2025,161,1354,4,23.6,22.41,24.15
101,2025,161,1354,5,23.6,22.56,24.01
101,2025,161,1354,6,23.6,22.56,24.15
101,2025,161,1354,7,23.6,22.56,24.15
101,2025,161,1354,8,23.6,22.41,24.15
101,2025,161,1354,9,23.6,22.56,24.15
101,2025,161,1354,10,23.57,22.56,24.15
101,2025,161,1354,11,23.57,22.41,24.15
101,2025,161,1354,12,23.57,22.56,24.15
101,2025,161,1354,13,23.57,22.41,24.15
101,2025,161,1354,14,23.57,22.56,24.15
101,2025,161,1354,15,23.57,22.56,24.15
101,2025,161,1354,16,23.57,22.41,24.15
101,2025,161,1354,17,23.57,22.56,24.15
101,2025,161,1354,18,23.57,22.41,24.15
101,2025,161,1354,19,23.57,22.56,24.15
101,2025,161,1354,20,23.57,22.56,24.15
101,2025,161,1354,21,23.57,22.41,24.15
101,2025,161,1354,22,23.57,22.56,24.15
101,2025,161,1354,23,23.57,22.56,24.15
101,2025,161,1354,24,23.57,22.41,24.15
101,2025,161,1354,25,23.57,22.41,24.15
101,2025,161,1354,26,23.57,22.41,24.15
101,2025,161,1354,27,23.57,22.56,24.15
101,2025,161,1354,28,23.57,22.56,24.15
101,2025,161,1354,29,23.57,22.56,24.15
101,2025,161,1354,30,23.57,22.41,24.15
101,2025,161,1354,31,23.57,22.56,24.15
101,2025,161,1354,32,23.57,22.56,24.15
101,2025,161,1354,33,23.57,22.41,24.01
101,2025,161,1354,34,23.57,22.41,24.15
101,2025,161,1354,35,23.57,22.41,24.01
101,2025,161,1354,36,23.57,22.41,24.15
101,2025,161,1354,37,23.57,22.55,24.01
101,2025,161,1354,38,23.57,22.41,24.15
101,2025,161,1354,39,23.57,22.41,24.01
101,2025,161,1354,40,23.57,22.55,24.15
101,2025,161,1354,41,23.57,22.41,24.01
101,2025,161,1354,42,23.57,22.41,24.15
101,2025,161,1354,43,23.57,22.41,24.15
101,2025,161,1354,44,23.57,22.41,24.01
101,2025,161,1354,45,23.57,22.55,24.15
101,2025,161,1354,46,23.57,22.41,24.15
101,2025,161,1354,47,23.53,22.41,24.15
101,2025,161,1354,48,23.53,22.55,23.86
101,2025,161,1354,49,23.53,22.41,24.01
101,2025,161,1354,50,23.53,22.55,24.15
101,2025,161,1354,51,23.57,22.55,24.15
101,2025,161,1354,52,23.53,22.55,24.01
101,2025,161,1354,53,23.53,22.41,23.86
101,2025,161,1354,54,23.53,22.55,24.15
101,2025,161,1354,55,23.49,22.41,24.15
101,2025,161,1354,56,23.49,22.55,24.15
101,2025,161,1354,57,23.49,22.41,24.01
101,2025,161,1354,58,23.49,22.41,24.15
101,2025,161,1354,59,23.53,22.55,24.01
101,2025,161,1355,0,23.49,22.41,23.86
101,2025,161,1355,1,23.49,22.55,24.01
101,2025,161,1355,2,23.53,22.55,24.15
101,2025,161,1355,3,23.49,22.55,24.01
101,2025,161,1355,4,23.49,22.41,24.15
101,2025,161,1355,5,23.49,22.41,23.86
101,2025,161,1355,6,23.53,22.55,23.86
101,2025,161,1355,7,23.49,22.55,24.01
101,2025,161,1355,8,23.49,22.55,23.86
101,2025,161,1355,9,23.49,22.41,24.01
101,2025,161,1355,10,23.49,22.41,23.86
101,2025,161,1355,11,23.49,22.41,23.86
101,2025,161,1355,12,23.49,22.41,23.86
101,2025,161,1355,13,23.49,22.55,24.01
101,2025,161,1355,14,23.49,22.41,23.86
101,2025,161,1355,15,23.49,22.41,24.01
101,2025,161,1355,16,23.49,22.55,23.86
101,2025,161,1355,17,23.49,22.55,23.86
101,2025,161,1355,18,23.49,22.41,23.86
101,2025,161,1355,19,23.49,22.55,24.01
101,2025,161,1355,20,23.49,22.41,23.86
101,2025,161,1355,21,23.49,22.41,23.86
101,2025,161,1355,22,23.49,22.41,23.86
101,2025,161,1355,23,23.49,22.41,23.86
101,2025,161,1355,24,23.49,22.41,23.86
101,2025,161,1355,25,23.49,22.41,23.86
101,2025,161,1355,26,23.49,22.55,23.86
101,2025,161,1355,27,23.49,22.41,23.86
101,2025,161,1355,28,23.49,22.41,24.01
101,2025,161,1355,29,23.49,22.41,23.86
101,2025,161,1355,30,23.49,22.55,23.86
101,2025,161,1355,31,23.49,22.41,23.86
101,2025,161,1355,32,23.49,22.41,23.86
101,2025,161,1355,33,23.49,22.41,24.01
101,2025,161,1355,34,23.49,22.41,23.86
101,2025,161,1355,35,23.49,22.41,23.86
101,2025,161,1355,36,23.49,22.41,23.86
101,2025,161,1355,37,23.49,22.55,23.86
101,2025,161,1355,38,23.49,22.41,23.86
101,2025,161,1355,39,23.49,22.55,23.86
101,2025,161,1355,40,23.49,22.41,23.86
101,2025,161,1355,41,23.49,22.41,23.86
101,2025,161,1355,42,23.49,22.55,23.86
101,2025,161,1355,43,23.49,22.41,23.86
101,2025,161,1355,44,23.49,22.41,23.86
101,2025,161,1355,45,23.49,22.41,23.86
101,2025,161,1355,46,23.49,22.41,23.86
101,2025,161,1355,47,23.49,22.55,23.86
101,2025,161,1355,48,23.49,22.41,23.86
101,2025,161,1355,49,23.49,22.41,23.86
101,2025,161,1355,50,23.49,22.41,23.86
101,2025,161,1355,51,23.49,22.41,23.86
101,2025,161,1355,52,23.49,22.41,23.86
101,2025,161,1355,53,23.49,22.41,23.86
101,2025,161,1355,54,23.49,22.41,23.86
101,2025,161,1355,55,23.45,22.55,23.86
101,2025,161,1355,56,23.49,22.41,23.86
101,2025,161,1355,57,23.45,22.41,23.86
101,2025,161,1355,58,23.49,22.41,23.86
101,2025,161,1355,59,23.45,22.41,23.86
101,2025,161,1356,0,23.45,22.41,23.86
101,2025,161,1356,1,23.45,22.41,23.86
101,2025,161,1356,2,23.49,22.41,23.86
101,2025,161,1356,3,23.45,22.55,23.86
101,2025,161,1356,4,23.45,22.41,23.86
101,2025,161,1356,5,23.49,22.41,23.86
101,2025,161,1356,6,23.45,22.41,23.86
101,2025,161,1356,7,23.42,22.41,23.86
101,2025,161,1356,8,23.42,22.41,23.86
101,2025,161,1356,9,23.46,22.41,23.86
101,2025,161,1356,10,23.45,22.41,23.86
101,2025,161,1356,11,23.45,22.41,23.86
101,2025,161,1356,12,23.49,22.41,23.86
101,2025,161,1356,13,23.45,22.41,23.86
101,2025,161,1356,14,23.45,22.41,23.86
101,2025,161,1356,15,23.45,22.41,23.86
101,2025,161,1356,16,23.45,22.41,23.86
101,2025,161,1356,17,23.45,22.41,23.86
101,2025,161,1356,18,23.45,22.41,23.86
101,2025,161,1356,19,23.45,22.41,23.86
101,2025,161,1356,20,23.45,22.41,23.86
101,2025,161,1356,21,23.45,22.41,23.85
101,2025,161,1356,22,23.45,22.55,23.85
101,2025,161,1356,23,23.45,22.41,23.85
101,2025,161,1356,24,23.45,22.41,23.86
101,2025,161,1356,25,23.45,22.55,23.86
101,2025,161,1356,26,23.45,22.55,23.86
101,2025,161,1356,27,23.45,22.41,23.85
101,2025,161,1356,28,23.45,22.55,23.86
101,2025,161,1356,29,23.45,22.41,23.85
101,2025,161,1356,30,23.45,22.41,23.86
101,2025,161,1356,31,23.45,22.41,23.86
101,2025,161,1356,32,23.45,22.41,23.86
101,2025,161,1356,33,23.45,22.41,23.86
101,2025,161,1356,34,23.45,22.41,23.85
101,2025,161,1356,35,23.45,22.41,23.86
101,2025,161,1356,36,23.45,22.41,23.85
101,2025,161,1356,37,23.45,22.41,23.86
101,2025,161,1356,38,23.45,22.41,23.85
101,2025,161,1356,39,23.45,22.41,23.85
101,2025,161,1356,40,23.45,22.41,23.86
101,2025,161,1356,41,23.45,22.41,23.85
101,2025,161,1356,42,23.45,22.41,23.85
101,2025,161,1356,43,23.45,22.41,23.85
101,2025,161,1356,44,23.45,22.41,23.86
101,2025,161,1356,45,23.45,22.41,23.85
101,2025,161,1356,46,23.45,22.41,23.86
101,2025,161,1356,47,23.45,22.41,23.85
101,2025,161,1356,48,23.45,22.41,23.85
101,2025,161,1356,49,23.42,22.41,23.85
101,2025,161,1356,50,23.45,22.41,23.85
101,2025,161,1356,51,23.45,22.41,23.85
101,2025,161,1356,52,23.45,22.41,23.85
101,2025,161,1356,53,23.45,22.41,23.85
101,2025,161,1356,54,23.45,22.41,23.85
101,2025,161,1356,55,23.45,22.41,23.85
101,2025,161,1356,56,23.42,22.41,23.85
101,2025,161,1356,57,23.45,22.41,23.85
101,2025,161,1356,58,23.45,22.55,23.85
101,2025,161,1356,59,23.45,22.41,23.85
101,2025,161,1357,0,23.45,22.41,23.85
101,2025,161,1357,1,23.45,22.41,23.85
101,2025,161,1357,2,23.42,22.55,23.85
101,2025,161,1357,3,23.42,22.41,23.85
101,2025,161,1357,4,23.45,22.41,23.85
101,2025,161,1357,5,23.38,22.41,23.86
101,2025,161,1357,6,23.45,22.41,23.85
101,2025,161,1357,7,23.45,22.41,23.85
101,2025,161,1357,8,23.42,22.41,23.85
101,2025,161,1357,9,23.42,22.41,23.85
101,2025,161,1357,10,23.45,22.41,23.85
101,2025,161,1357,11,23.42,22.41,23.85
101,2025,161,1357,12,23.42,22.41,23.85
101,2025,161,1357,13,23.42,22.41,23.85
101,2025,161,1357,14,23.42,22.41,23.85
101,2025,161,1357,15,23.42,22.41,23.85
101,2025,161,1357,16,23.42,22.41,23.85
101,2025,161,1357,17,23.42,22.41,23.85
101,2025,161,1357,18,23.38,22.41,23.85
101,2025,161,1357,19,23.42,22.41,23.85
101,2025,161,1357,20,23.42,22.41,23.85
101,2025,161,1357,21,23.38,22.41,23.85
101,2025,161,1357,22,23.38,22.41,23.85
101,2025,161,1357,23,23.38,22.41,23.85
101,2025,161,1357,24,23.38,22.41,23.85
101,2025,161,1357,25,23.38,22.41,23.85
101,2025,161,1357,26,23.38,22.41,23.85
101,2025,161,1357,27,23.38,22.41,23.85
101,2025,161,1357,28,23.38,22.41,23.85
101,2025,161,1357,29,23.38,22.41,23.85
101,2025,161,1357,30,23.38,22.41,24
101,2025,161,1357,31,23.38,22.41,23.85
101,2025,161,1357,32,23.42,22.55,23.85
101,2025,161,1357,33,23.38,22.41,23.85
101,2025,161,1357,34,23.38,22.41,23.85
101,2025,161,1357,35,23.34,22.41,23.85
101,2025,161,1357,36,23.38,22.55,23.85
101,2025,161,1357,37,23.38,22.41,23.85
101,2025,161,1357,38,23.38,22.41,23.85
101,2025,161,1357,39,23.38,22.41,23.85
101,2025,161,1357,40,23.38,22.41,23.85
101,2025,161,1357,41,23.38,22.41,23.85
101,2025,161,1357,42,23.38,22.41,23.85
101,2025,161,1357,43,23.38,22.41,23.85
101,2025,161,1357,44,23.38,22.41,23.85
101,2025,161,1357,45,23.38,22.41,23.85
101,2025,161,1357,46,23.38,22.41,23.85
101,2025,161,1357,47,23.38,22.41,23.85
101,2025,161,1357,48,23.38,22.41,23.85
101,2025,161,1357,49,23.38,22.41,23.85
101,2025,161,1357,50,23.38,22.41,23.85
101,2025,161,1357,51,23.38,22.41,23.85
101,2025,161,1357,52,23.38,22.41,23.85
101,2025,161,1357,53,23.38,22.41,23.85
101,2025,161,1357,54,23.38,22.41,23.85
101,2025,161,1357,55,23.38,22.41,23.85
101,2025,161,1357,56,23.38,22.41,23.85
101,2025,161,1357,57,23.38,22.41,23.85
101,2025,161,1357,58,23.38,22.41,23.85
101,2025,161,1357,59,23.38,22.41,23.85
101,2025,161,1358,0,23.38,22.41,23.85
101,2025,161,1358,1,23.38,22.41,23.85
101,2025,161,1358,2,23.38,22.41,23.85
101,2025,161,1358,3,23.38,22.41,23.85
101,2025,161,1358,4,23.38,22.41,23.85
101,2025,161,1358,5,23.38,22.41,23.85
101,2025,161,1358,6,23.38,22.41,23.85
101,2025,161,1358,7,23.38,22.41,23.85
101,2025,161,1358,8,23.38,22.41,23.85
101,2025,161,1358,9,23.34,22.41,23.85
101,2025,161,1358,10,23.34,22.41,23.85
101,2025,161,1358,11,23.38,22.41,23.85
101,2025,161,1358,12,23.34,22.41,23.85
101,2025,161,1358,13,23.38,22.41,23.85
101,2025,161,1358,14,23.34,22.41,23.85
101,2025,161,1358,15,23.38,22.41,23.85
101,2025,161,1358,16,23.3,22.41,23.85
101,2025,161,1358,17,23.3,22.41,23.85
101,2025,161,1358,18,23.34,22.41,23.85
101,2025,161,1358,19,23.38,22.41,23.85
101,2025,161,1358,20,23.3,22.41,23.85
101,2025,161,1358,21,23.34,22.41,23.85
101,2025,161,1358,22,23.27,22.41,23.85
101,2025,161,1358,23,23.34,22.41,23.85
101,2025,161,1358,24,23.3,22.41,23.85
101,2025,161,1358,25,23.3,22.41,23.85
101,2025,161,1358,26,23.27,22.41,23.85
101,2025,161,1358,27,23.34,22.41,23.85
101,2025,161,1358,28,23.34,22.41,23.85
101,2025,161,1358,29,23.27,22.41,23.85
101,2025,161,1358,30,23.3,22.41,23.85
101,2025,161,1358,31,23.3,22.41,23.85
101,2025,161,1358,32,23.3,22.41,23.85
101,2025,161,1358,33,23.26,22.41,23.85
101,2025,161,1358,34,23.3,22.41,23.99
101,2025,161,1358,35,23.3,22.41,23.85
101,2025,161,1358,36,23.27,22.41,23.85
101,2025,161,1358,37,23.27,22.41,23.85
101,2025,161,1358,38,23.3,22.41,23.85
101,2025,161,1358,39,23.23,22.41,23.85
101,2025,161,1358,40,23.27,22.41,23.85
101,2025,161,1358,41,23.26,22.41,23.85
101,2025,161,1358,42,23.26,22.41,23.85
101,2025,161,1358,43,23.23,22.41,23.85
101,2025,161,1358,44,23.27,22.41,23.85
101,2025,161,1358,45,23.27,22.41,23.85
101,2025,161,1358,46,23.23,22.41,23.99
101,2025,161,1358,47,23.23,22.41,23.85
101,2025,161,1358,48,23.27,22.41,23.85
101,2025,161,1358,49,23.23,22.41,23.85
101,2025,161,1358,50,23.3,22.41,23.85
101,2025,161,1358,51,23.27,22.41,23.85
101,2025,161,1358,52,23.27,22.41,23.85
101,2025,161,1358,53,23.23,22.41,23.85
101,2025,161,1358,54,23.23,22.41,23.85
101,2025,161,1358,55,23.27,22.41,23.85
101,2025,161,1358,56,23.23,22.41,23.85
101,2025,161,1358,57,23.27,22.41,23.84
101,2025,161,1358,58,23.27,22.41,23.84
101,2025,161,1358,59,23.23,22.41,23.85
101,2025,161,1359,0,23.23,22.41,23.84
101,2025,161,1359,1,23.23,22.41,23.84
101,2025,161,1359,2,23.23,22.41,23.85
101,2025,161,1359,3,23.23,22.41,23.85
101,2025,161,1359,4,23.23,22.41,23.84
101,2025,161,1359,5,23.27,22.41,23.85
101,2025,161,1359,6,23.23,22.41,23.84
101,2025,161,1359,7,23.23,22.41,23.84
101,2025,161,1359,8,23.23,22.41,23.84
101,2025,161,1359,9,23.27,22.41,23.84
101,2025,161,1359,10,23.23,22.41,23.84
101,2025,161,1359,11,23.23,22.41,23.85
101,2025,161,1359,12,23.23,22.41,23.84
101,2025,161,1359,13,23.23,22.41,23.84
101,2025,161,1359,14,23.27,22.41,23.84
101,2025,161,1359,15,23.23,22.41,23.84
101,2025,161,1359,16,23.23,22.41,23.84
101,2025,161,1359,17,23.27,22.41,23.84
101,2025,161,1359,18,23.23,22.41,23.84
101,2025,161,1359,19,23.23,22.41,23.84
101,2025,161,1359,20,23.23,22.41,23.84
101,2025,161,1359,21,23.23,22.41,23.84
101,2025,161,1359,22,23.23,22.41,23.84
101,2025,161,1359,23,23.23,22.41,23.84
101,2025,161,1359,24,23.23,22.41,23.84
101,2025,161,1359,25,23.23,22.41,23.84
101,2025,161,1359,26,23.23,22.41,23.84
101,2025,161,1359,27,23.19,22.41,23.84
101,2025,161,1359,28,23.23,22.41,23.84
101,2025,161,1359,29,23.23,22.41,23.84
101,2025,161,1359,30,23.23,22.41,23.84
101,2025,161,1359,31,23.23,22.41,23.84
101,2025,161,1359,32,23.23,22.41,23.84
101,2025,161,1359,33,23.27,22.41,23.85
101,2025,161,1359,34,23.19,22.41,23.84
101,2025,161,1359,35,23.23,22.41,23.84
101,2025,161,1359,36,23.23,22.41,23.84
101,2025,161,1359,37,23.23,22.41,23.85
101,2025,161,1359,38,23.23,22.41,23.84
101,2025,161,1359,39,23.23,22.41,23.84
101,2025,161,1359,40,23.23,22.41,23.84
101,2025,161,1359,41,23.23,22.41,23.84
101,2025,161,1359,42,23.23,22.41,23.84
